Date,epoch_no,Treasury (lovelace),reserves,,Treasury,% Growth,,ADA,Cumulative during period,Variance start/end
29/07/2020,208,0,"13,888,022,852,926,600",,,,,,,
03/08/2020,209,"8,332,813,711,755","13,286,160,713,028,400",,"8,332,813,711,755",0.00%,,8332814,,
08/08/2020,210,"16,306,644,182,013","13,278,197,552,770,300",,"7,973,830,470,258",51.10%,,7973830,,
13/08/2020,211,"24,275,595,982,960","13,270,236,767,315,800",,"16,301,765,512,702",32.85%,,7968952,,
18/08/2020,212,"32,239,292,149,804","13,262,280,841,681,200",,"15,937,526,637,102",50.56%,,7963696,,
23/08/2020,213,"40,198,464,232,058","13,247,093,198,353,400",,"24,260,937,594,956",39.65%,,7959172,,
28/08/2020,214,"48,148,335,794,725","13,230,232,787,944,800",,"23,887,398,199,769",50.39%,,7949872,,
02/09/2020,215,"55,876,297,807,656","13,212,986,170,770,200",,"31,988,899,607,887",42.75%,,7727962,,
07/09/2020,216,"63,707,722,011,028","13,195,031,638,588,100",,"31,718,822,403,141",50.21%,,7831424,,
12/09/2020,217,"71,629,614,335,572","13,176,528,835,451,300",,"39,910,791,932,431",44.28%,,7921892,,
17/09/2020,218,"79,429,791,062,499","13,157,936,081,322,000",,"39,518,999,130,068",50.25%,,7800177,,
22/09/2020,219,"87,229,346,231,023","13,139,088,245,733,200",,"47,710,347,100,955",45.30%,,7799555,,
27/09/2020,220,"94,812,346,026,398","13,120,582,265,809,800",,"47,101,998,925,443",50.32%,,7583000,,
02/10/2020,221,"102,526,032,953,120","13,101,550,250,680,200",,"55,424,034,027,677",45.94%,,7713687,,
07/10/2020,222,"110,388,072,013,679","13,082,116,350,342,000",,"54,964,037,986,002",50.21%,,7862039,,
12/10/2020,223,"118,208,699,416,236","13,062,655,956,639,700",,"63,244,661,430,234",46.50%,,7820627,,
17/10/2020,224,"125,940,338,514,332","13,042,967,905,529,900",,"62,695,677,084,098",50.22%,,7731639,,
22/10/2020,225,"133,613,085,475,447","13,023,198,387,000,200",,"70,917,408,391,349",46.92%,,7672747,,
27/10/2020,226,"141,320,961,489,871","13,003,168,356,561,600",,"70,403,553,098,522",50.18%,,7707876,,
01/11/2020,227,"148,966,611,367,094","12,983,158,507,901,800",,"78,563,058,268,572",47.26%,,7645650,,
06/11/2020,228,"156,672,155,969,216","12,963,125,292,915,900",,"78,109,097,700,644",50.14%,,7705545,,
11/11/2020,229,"164,146,740,314,244","12,943,288,527,645,100",,"86,037,642,613,600",47.58%,,7474584,,
16/11/2020,230,"171,650,774,380,874","12,923,287,136,043,500",,"85,613,131,767,274",50.12%,,7504034,,
21/11/2020,231,"179,282,860,001,401","12,901,374,614,727,800",,"93,669,728,234,127",47.75%,,7632086,,
26/11/2020,232,"186,903,589,285,290","12,879,420,804,989,000",,"93,233,861,051,163",50.12%,,7620729,,
01/12/2020,233,"194,427,116,830,134","12,857,569,396,931,700",,"101,193,255,778,971",47.95%,,7523528,,
06/12/2020,234,"201,938,554,280,313","12,835,708,801,543,800",,"100,745,298,501,342",50.11%,,7511437,,
11/12/2020,235,"209,567,887,755,185","12,813,555,587,125,200",,"108,822,589,253,843",48.07%,,7629333,,
16/12/2020,236,"217,021,605,777,163","13,112,607,631,777,500",,"108,199,016,523,320",50.14%,,7453718,,
21/12/2020,237,"224,755,310,169,411","13,092,064,399,031,500",,"116,556,293,646,091",48.14%,,7733704,,
26/12/2020,238,"232,303,490,719,413","13,070,468,429,326,700",,"115,747,197,073,322",50.17%,,7548181,,
31/12/2020,239,"240,110,310,231,353","13,047,906,930,168,300",,"124,363,113,158,031",48.21%,,7806820,"240,110,310","240,110,310"
05/01/2021,240,"247,808,783,829,569","13,025,619,519,514,500",,"123,445,670,671,538",50.19%,,7698474,,
10/01/2021,241,"255,497,935,879,168","13,001,889,545,532,900",,"132,052,265,207,630",48.32%,,7689152,,
15/01/2021,242,"261,254,564,022,929","12,977,832,637,176,700",,"129,202,298,815,299",50.55%,,5756628,,
20/01/2021,243,"268,861,912,841,117","12,953,750,797,382,700",,"139,659,614,025,818",48.06%,,7607349,,
25/01/2021,244,"276,588,875,846,127","12,929,566,121,367,200",,"136,929,261,820,309",50.49%,,7726963,,
30/01/2021,245,"284,352,137,586,764","12,905,245,994,461,000",,"147,422,875,766,455",48.15%,,7763262,,
04/02/2021,246,"292,077,855,298,344","12,880,948,865,137,700",,"144,654,979,531,889",50.47%,,7725718,,
09/02/2021,247,"299,811,858,331,381","12,856,514,256,368,000",,"155,156,878,799,492",48.25%,,7734003,,
14/02/2021,248,"307,469,331,873,040","12,832,265,659,375,300",,"152,312,453,073,548",50.46%,,7657474,,
19/02/2021,249,"315,149,768,885,434","12,807,979,499,513,600",,"162,837,315,811,886",48.33%,,7680437,,
24/02/2021,250,"322,747,474,373,585","12,783,925,491,495,800",,"159,910,158,561,699",50.45%,,7597705,,
01/03/2021,251,"330,358,411,585,833","12,759,915,292,888,300",,"170,448,253,024,134",48.41%,,7610937,,
06/03/2021,252,"337,791,818,166,627","12,736,017,185,934,800",,"167,343,565,142,493",50.46%,,7433407,,
11/03/2021,253,"345,342,263,589,600","12,711,785,646,200,900",,"177,998,698,447,107",48.46%,,7550445,,
16/03/2021,254,"352,786,796,113,777","12,688,276,934,220,000",,"174,788,097,666,670",50.46%,,7444533,,
21/03/2021,255,"360,161,954,760,303","12,665,043,040,299,000",,"185,373,857,093,633",48.53%,,7375159,,
26/03/2021,256,"367,449,804,338,663","12,641,992,243,076,600",,"182,075,947,245,030",50.45%,,7287850,,
31/03/2021,257,"374,930,989,230,241","12,618,536,190,581,600",,"192,855,041,985,211",48.56%,,7481185,,
05/04/2021,258,"382,322,104,327,451","12,595,569,991,053,000",,"189,467,062,342,240",50.44%,,7391115,,
10/04/2021,259,"389,627,105,010,745","12,572,853,459,591,500",,"200,160,042,668,505",48.63%,,7305001,,
15/04/2021,260,"396,980,740,382,998","12,549,908,795,306,800",,"196,820,697,714,493",50.42%,,7353635,,
20/04/2021,261,"404,243,604,632,007","12,527,064,254,027,600",,"207,422,906,917,514",48.69%,,7262864,,
25/04/2021,262,"411,581,611,048,417","12,503,994,895,122,500",,"204,158,704,130,903",50.40%,,7338006,,
30/04/2021,263,"418,916,130,935,065","12,480,979,868,875,700",,"214,757,426,804,162",48.73%,,7334520,,
05/05/2021,264,"426,275,062,812,584","12,457,884,526,305,600",,"211,517,636,008,422",50.38%,,7358932,,
10/05/2021,265,"433,592,879,391,282","12,434,957,914,838,900",,"222,075,243,382,860",48.78%,,7317817,,
15/05/2021,266,"440,912,464,520,623","12,411,854,285,907,900",,"218,837,221,137,763",50.37%,,7319585,,
20/05/2021,267,"448,318,487,744,510","12,388,414,463,130,300",,"229,481,266,606,747",48.81%,,7406023,,
25/05/2021,268,"455,707,939,470,671","12,365,028,524,445,400",,"226,226,672,863,924",50.36%,,7389452,,
30/05/2021,269,"463,139,474,652,805","12,341,518,728,137,700",,"236,912,801,788,881",48.85%,,7431535,,
04/06/2021,270,"470,491,973,129,948","12,318,321,891,398,900",,"233,579,171,341,067",50.35%,,7352498,,
09/06/2021,271,"477,865,672,126,854","12,295,113,815,583,700",,"244,286,500,785,787",48.88%,,7373699,,
14/06/2021,272,"485,181,573,455,503","12,270,780,512,858,500",,"240,895,072,669,716",50.35%,,7315901,,
19/06/2021,273,"492,487,924,250,431","12,247,689,462,766,300",,"251,592,851,580,715",48.91%,,7306351,,
24/06/2021,274,"499,813,627,216,983","12,224,475,923,697,900",,"248,220,775,636,268",50.34%,,7325703,,
29/06/2021,275,"507,109,701,568,970","12,201,340,389,910,600",,"258,888,925,932,702",48.95%,,7296074,,
04/07/2021,276,"514,411,351,908,730","12,178,189,995,478,800",,"255,522,425,976,028",50.33%,,7301650,,
09/07/2021,277,"521,694,330,279,703","12,155,122,184,954,500",,"266,171,904,303,675",48.98%,,7282978,,
14/07/2021,278,"528,893,184,223,406","12,132,264,814,197,700",,"262,721,279,919,731",50.33%,,7198854,,
19/07/2021,279,"530,611,692,658,077","12,109,284,816,700,800",,"267,890,412,738,346",49.51%,,1718508,,
24/07/2021,280,"537,801,015,045,532","12,086,332,559,356,500",,"269,910,602,307,186",49.81%,,7189322,,
29/07/2021,281,"544,993,458,360,858","12,063,362,662,818,900",,"275,082,856,053,672",49.53%,,7192443,,
03/08/2021,282,"552,109,061,206,815","12,040,662,411,646,400",,"277,026,205,153,143",49.82%,,7115603,,
08/08/2021,283,"559,301,273,768,095","12,017,762,412,942,000",,"282,275,068,614,952",49.53%,,7192213,,
13/08/2021,284,"566,496,518,637,485","11,994,919,913,555,200",,"284,221,450,022,533",49.83%,,7195245,,
18/08/2021,285,"573,642,248,264,697","11,972,182,166,198,500",,"289,420,798,242,164",49.55%,,7145730,,
23/08/2021,286,"580,813,475,958,128","11,949,345,585,782,600",,"291,392,677,715,964",49.83%,,7171228,,
28/08/2021,287,"587,866,685,636,543","11,927,003,666,950,800",,"296,474,007,920,579",49.57%,,7053210,,
02/09/2021,288,"595,010,655,786,398","11,904,389,292,477,500",,"298,536,647,865,819",49.83%,,7143970,,
07/09/2021,289,"601,999,673,290,515","11,882,381,119,547,400",,"303,463,025,424,696",49.59%,,6989018,,
12/09/2021,290,"609,002,817,835,001","11,860,319,467,481,200",,"305,539,792,410,305",49.83%,,7003145,,
17/09/2021,291,"616,008,493,107,142","11,838,146,881,718,500",,"310,468,700,696,837",49.60%,,7005675,,
22/09/2021,292,"623,039,919,820,396","11,815,842,837,779,600",,"312,571,219,123,559",49.83%,,7031427,,
27/09/2021,293,"630,037,263,793,143","11,793,690,427,914,600",,"317,466,044,669,584",49.61%,,6997344,,
02/10/2021,294,"637,024,173,474,141","11,771,504,387,608,600",,"319,558,128,804,557",49.84%,,6986910,,
07/10/2021,295,"643,991,464,810,237","11,749,349,764,763,600",,"324,433,336,005,680",49.62%,,6967291,,
12/10/2021,296,"650,852,643,461,256","11,727,557,414,227,600",,"326,419,307,455,576",49.85%,,6861179,,
17/10/2021,297,"657,738,963,676,591","11,705,653,358,398,300",,"331,319,656,221,015",49.63%,,6886320,,
22/10/2021,298,"664,536,270,685,807","11,684,019,538,729,700",,"333,216,614,464,792",49.86%,,6797307,,
27/10/2021,299,"671,319,247,451,273","11,343,887,069,673,400",,"338,102,632,986,481",49.64%,,6782977,,
01/11/2021,300,"677,910,511,293,920","11,323,054,368,200,400",,"339,807,878,307,439",49.87%,,6591264,,
06/11/2021,301,"684,275,367,847,493","11,302,106,993,169,000",,"344,467,489,540,054",49.66%,,6364857,,
11/11/2021,302,"690,958,635,875,788","11,280,717,436,923,300",,"346,491,146,335,734",49.85%,,6683268,,
16/11/2021,303,"697,557,178,525,050","11,259,657,628,761,100",,"351,066,032,189,316",49.67%,,6598543,,
21/11/2021,304,"704,231,212,591,513","11,238,469,926,202,300",,"353,165,180,402,197",49.85%,,6674034,,
26/11/2021,305,"710,796,083,937,713","11,217,568,742,767,100",,"357,630,903,535,516",49.69%,,6564871,,
01/12/2021,306,"717,435,151,480,773","11,196,633,067,737,600",,"359,804,247,945,257",49.85%,,6639068,,
06/12/2021,307,"724,010,388,331,415","11,175,759,253,425,600",,"364,206,140,386,158",49.70%,,6575237,,
11/12/2021,308,"730,601,615,685,965","11,154,816,240,369,300",,"366,395,475,299,807",49.85%,,6591227,,
16/12/2021,309,"737,110,558,232,480","11,134,121,506,196,200",,"370,715,082,932,673",49.71%,,6508943,,
21/12/2021,310,"743,638,101,982,934","11,113,347,476,573,000",,"372,923,019,050,261",49.85%,,6527544,,
26/12/2021,311,"750,091,385,613,797","11,092,893,736,994,600",,"377,168,366,563,536",49.72%,,6453284,,
31/12/2021,312,"756,609,425,944,090","11,072,246,017,826,600",,"379,441,059,380,554",49.85%,,6518040,"516,499,116","508,800,642"
05/01/2022,313,"763,121,537,857,734","11,051,631,533,654,600",,"383,680,478,477,180",49.72%,,6512112,,
10/01/2022,314,"769,551,576,595,698","11,031,385,419,250,600",,"385,871,098,118,518",49.86%,,6430039,,
15/01/2022,315,"775,800,361,280,391","11,011,700,944,995,400",,"389,929,263,161,873",49.74%,,6248785,,
20/01/2022,316,"782,079,043,389,156","10,992,003,609,815,900",,"392,149,780,227,283",49.86%,,6278682,,
25/01/2022,317,"788,297,676,230,791","10,972,584,901,107,000",,"396,147,896,003,508",49.75%,,6218633,,
30/01/2022,318,"794,490,731,721,927","10,953,227,838,823,000",,"398,342,835,718,419",49.86%,,6193055,,
04/02/2022,319,"800,775,096,758,125","10,933,650,872,361,400",,"402,432,261,039,706",49.74%,,6284365,,
09/02/2022,320,"806,985,387,511,233","10,914,331,394,835,600",,"404,553,126,471,527",49.87%,,6210291,,
14/02/2022,321,"805,605,092,526,580","10,894,905,349,913,100",,"401,051,966,055,053",50.22%,,-1380295,,
19/02/2022,322,"811,794,260,532,363","10,875,612,782,714,700",,"410,742,294,477,310",49.40%,,6189168,,
24/02/2022,323,"816,782,078,123,190","10,856,555,549,633,400",,"406,039,783,645,880",50.29%,,4987818,,
01/03/2022,324,"822,987,529,535,214","10,837,286,615,744,700",,"416,947,745,889,334",49.34%,,6205451,,
06/03/2022,325,"829,237,846,580,369","10,817,894,577,514,100",,"412,290,100,691,035",50.28%,,6250317,,
11/03/2022,326,"835,407,607,356,681","10,798,756,714,539,400",,"423,117,506,665,646",49.35%,,6169761,,
16/03/2022,327,"841,610,183,661,313","10,779,457,383,188,400",,"418,492,676,995,667",50.27%,,6202576,,
21/03/2022,328,"847,806,215,028,479","10,760,324,733,104,600",,"429,313,538,032,812",49.36%,,6196031,,
26/03/2022,329,"853,941,152,115,025","10,741,397,939,952,300",,"424,627,614,082,213",50.27%,,6134937,,
31/03/2022,330,"860,166,383,169,807","10,722,297,918,395,100",,"435,538,769,087,594",49.37%,,6225231,,
05/04/2022,331,"866,276,896,064,357","10,702,736,716,126,700",,"430,738,126,976,763",50.28%,,6110513,,
10/04/2022,332,"872,471,870,892,203","10,682,871,684,482,100",,"441,733,743,915,440",49.37%,,6194975,,
15/04/2022,333,"878,653,307,632,686","10,662,954,751,304,000",,"436,919,563,717,246",50.27%,,6181437,,
20/04/2022,334,"884,736,526,609,247","10,643,350,776,202,100",,"447,816,962,892,001",49.38%,,6083219,,
25/04/2022,335,"890,778,684,245,517","10,623,895,506,123,500",,"442,961,721,353,516",50.27%,,6042158,,
30/04/2022,336,"896,790,999,922,300","10,604,486,697,782,300",,"453,829,278,568,784",49.39%,,6012316,,
05/05/2022,337,"902,856,542,906,841","10,584,926,320,452,000",,"449,027,264,338,057",50.27%,,6065543,,
10/05/2022,338,"908,925,569,281,222","10,565,374,767,957,200",,"459,898,304,943,165",49.40%,,6069026,,
15/05/2022,339,"915,064,913,598,237","10,545,586,696,000,500",,"455,166,608,655,072",50.26%,,6139344,,
20/05/2022,340,"921,148,142,062,990","10,526,055,083,287,400",,"465,981,533,407,918",49.41%,,6083228,,
25/05/2022,341,"927,231,126,863,356","10,506,491,829,002,800",,"461,249,593,455,438",50.26%,,6082985,,
30/05/2022,342,"900,379,780,082,021","10,487,149,571,006,900",,"439,130,186,626,583",51.23%,,-26851347,,
04/06/2022,343,"906,447,014,546,351","10,467,739,665,223,900",,"467,316,827,919,768",48.45%,,6067234,,
09/06/2022,344,"912,584,295,685,928","10,448,049,960,041,700",,"445,267,467,766,160",51.21%,,6137281,,
14/06/2022,345,"918,713,205,275,544","10,428,470,110,767,400",,"473,445,737,509,384",48.47%,,6128910,,
19/06/2022,346,"924,761,379,220,192","10,409,105,745,481,100",,"451,315,641,710,808",51.20%,,6048174,,
24/06/2022,347,"930,867,659,133,409","10,389,506,871,116,900",,"479,552,017,422,601",48.48%,,6106280,,
29/06/2022,348,"936,834,108,750,911","10,370,377,949,854,500",,"457,282,091,328,310",51.19%,,5966450,,
04/07/2022,349,"942,432,272,103,687","10,352,411,929,782,700",,"485,150,180,775,377",48.52%,,5598163,,
09/07/2022,350,"948,203,440,354,410","10,333,899,043,124,800",,"463,053,259,579,033",51.17%,,5771168,,
14/07/2022,351,"954,249,374,293,574","10,314,641,202,700,400",,"491,196,114,714,541",48.53%,,6045934,,
19/07/2022,352,"960,277,877,068,492","10,295,428,286,983,000",,"469,081,762,353,951",51.15%,,6028503,,
24/07/2022,353,"966,281,863,995,315","10,276,330,879,384,600",,"497,200,101,641,364",48.55%,,6003987,,
29/07/2022,354,"972,182,782,671,244","10,257,589,126,504,600",,"474,982,681,029,880",51.14%,,5900919,,
03/08/2022,355,"977,973,384,876,487","10,239,288,792,981,600",,"502,990,703,846,607",48.57%,,5790602,,
08/08/2022,356,"983,837,643,868,650","10,220,679,892,460,600",,"480,846,940,022,043",51.13%,,5864259,,
13/08/2022,357,"989,776,809,984,523","10,201,748,722,980,900",,"508,929,869,962,480",48.58%,,5939166,,
18/08/2022,358,"995,690,025,485,814","10,182,918,483,065,500",,"486,760,155,523,334",51.11%,,5913216,,
23/08/2022,359,"1,001,568,454,234,000","10,164,188,969,499,200",,"514,808,298,710,666",48.60%,,5878429,,
28/08/2022,360,"1,007,570,211,324,960","10,145,052,424,519,900",,"492,761,912,614,294",51.09%,,6001757,,
02/09/2022,361,"1,013,519,055,278,690","10,126,038,387,141,600",,"520,757,142,664,396",48.62%,,5948844,,
07/09/2022,362,"1,019,513,669,653,940","10,106,899,741,240,800",,"498,756,526,989,544",51.08%,,5994614,,
12/09/2022,363,"1,025,501,175,173,220","10,087,736,962,737,200",,"526,744,648,183,676",48.64%,,5987506,,
17/09/2022,364,"1,031,482,492,741,560","10,068,593,369,607,100",,"504,737,844,557,884",51.07%,,5981318,,
22/09/2022,365,"1,037,476,762,140,250","10,049,419,651,037,000",,"532,738,917,582,366",48.65%,,5994269,,
27/09/2022,366,"1,043,351,943,571,270","10,030,500,598,819,400",,"510,613,025,988,904",51.06%,,5875181,,
02/10/2022,367,"1,049,235,663,440,290","10,011,568,005,046,600",,"538,622,637,451,386",48.67%,,5883720,,
07/10/2022,368,"1,055,149,630,369,180","9,992,648,700,658,970",,"516,526,992,917,794",51.05%,,5913967,,
12/10/2022,369,"1,060,989,482,938,000","9,973,897,045,344,550",,"544,462,490,020,206",48.68%,,5839853,,
17/10/2022,370,"1,066,870,216,358,450","9,954,979,169,676,610",,"522,407,726,338,244",51.03%,,5880733,,
22/10/2022,371,"1,072,721,304,252,670","9,936,114,349,742,970",,"550,313,577,914,426",48.70%,,5851088,,
27/10/2022,372,"1,078,611,968,858,090","9,917,197,168,085,490",,"528,298,390,943,664",51.02%,,5890665,,
01/11/2022,373,"1,084,442,000,419,800","9,898,528,859,081,030",,"556,143,609,476,136",48.72%,,5830032,,
06/11/2022,374,"1,090,284,059,434,660","9,879,803,953,263,260",,"534,140,449,958,524",51.01%,,5842059,,
11/11/2022,375,"1,056,673,748,569,830","9,861,116,544,907,800",,"522,533,298,611,306",50.55%,,-33610311,,
16/11/2022,376,"1,062,423,482,265,340","9,842,652,064,089,820",,"539,890,183,654,034",49.18%,,5749734,,
21/11/2022,377,"1,068,123,742,127,900","9,824,321,019,586,900",,"528,233,558,473,866",50.55%,,5700260,,
26/11/2022,378,"1,073,761,279,310,730","9,806,194,893,505,450",,"545,527,720,836,864",49.19%,,5637537,,
01/12/2022,379,"1,079,524,909,809,250","9,787,739,043,117,840",,"533,997,188,972,386",50.53%,,5763630,,
06/12/2022,380,"1,085,266,054,287,650","9,769,359,542,724,410",,"551,268,865,315,264",49.20%,,5741144,,
11/12/2022,381,"1,090,977,794,605,060","9,751,099,859,203,470",,"539,708,929,289,796",50.53%,,5711740,,
16/12/2022,382,"1,096,769,891,327,180","9,732,579,730,335,260",,"557,060,962,037,384",49.21%,,5792097,,
21/12/2022,383,"1,102,477,860,882,230","9,714,372,537,673,880",,"545,416,898,844,846",50.53%,,5707970,,
26/12/2022,384,"1,108,231,313,584,220","9,696,062,028,066,320",,"562,814,414,739,374",49.22%,,5753453,,
31/12/2022,385,"1,113,894,699,593,930","9,677,898,230,050,330",,"551,080,284,854,556",50.53%,,5663386,,
05/01/2023,386,"1,119,569,090,557,030","9,659,613,006,525,150",,"568,488,805,702,474",49.22%,,5674391,"879,458,780","356,447,553"
10/01/2023,387,"1,125,283,441,597,310","9,641,213,380,131,500",,"556,794,635,894,836",50.52%,,5714351,,
15/01/2023,388,"1,130,915,186,538,430","9,623,238,621,042,500",,"574,120,550,643,594",49.23%,,5631745,,
20/01/2023,389,"1,136,579,323,491,230","9,605,003,170,159,440",,"562,458,772,847,636",50.51%,,5664137,,
25/01/2023,390,"1,142,264,335,933,460","9,586,693,644,501,580",,"579,805,563,085,824",49.24%,,5685012,,
30/01/2023,391,"1,147,834,888,160,440","9,568,737,675,719,030",,"568,029,325,074,616",50.51%,,5570552,,
04/02/2023,392,"1,153,424,016,337,180","9,550,707,326,420,070",,"585,394,691,262,564",49.25%,,5589128,,
09/02/2023,393,"1,159,053,622,658,950","9,532,573,493,585,430",,"573,658,931,396,386",50.51%,,5629606,,
14/02/2023,394,"1,164,535,619,945,030","9,514,934,935,216,510",,"590,876,688,548,644",49.26%,,5481997,,
19/02/2023,395,"1,170,067,020,486,250","9,497,133,409,472,780",,"579,190,331,937,606",50.50%,,5531401,,
24/02/2023,396,"1,175,513,742,012,420","9,479,585,689,711,000",,"596,323,410,074,814",49.27%,,5446722,,
01/03/2023,397,"1,181,075,985,373,280","9,461,815,546,187,500",,"584,752,575,298,466",50.49%,,5562243,,
06/03/2023,398,"1,186,758,136,337,640","9,443,972,566,840,340",,"602,005,561,039,174",49.27%,,5682151,,
11/03/2023,399,"1,192,381,615,518,300","9,426,301,009,576,740",,"590,376,054,479,126",50.49%,,5623479,,
16/03/2023,400,"1,198,058,432,944,920","9,408,537,858,242,250",,"607,682,378,465,794",49.28%,,5676817,,
21/03/2023,401,"1,203,571,262,060,790","9,391,113,276,049,040",,"595,888,883,594,996",50.49%,,5512829,,
26/03/2023,402,"1,209,099,799,354,710","9,373,759,520,550,470",,"613,210,915,759,714",49.28%,,5528537,,
31/03/2023,403,"1,214,559,938,325,860","9,356,641,772,388,780",,"601,349,022,566,146",50.49%,,5460139,,
05/04/2023,404,"1,220,072,850,270,460","9,339,311,033,457,900",,"618,723,827,704,314",49.29%,,5512912,,
10/04/2023,405,"1,225,541,030,930,720","9,322,254,273,087,780",,"606,817,203,226,406",50.49%,,5468181,,
15/04/2023,406,"1,230,997,735,876,220","9,305,382,922,879,300",,"624,180,532,649,814",49.29%,,5456705,,
20/04/2023,407,"1,236,437,634,639,200","9,288,701,770,557,400",,"612,257,101,989,386",50.48%,,5439899,,
25/04/2023,408,"1,241,944,161,023,130","9,272,157,715,492,360",,"629,687,059,033,744",49.30%,,5506526,,
30/04/2023,409,"1,247,455,873,909,450","9,255,427,816,188,670",,"617,768,814,875,706",50.48%,,5511713,,
05/05/2023,410,"1,244,154,789,634,220","9,238,655,017,642,050",,"626,385,974,758,514",49.65%,,-3301084,,
10/05/2023,411,"1,249,688,145,781,830","9,222,302,989,055,670",,"623,302,171,023,316",50.12%,,5533356,,
15/05/2023,412,"1,255,205,718,727,920","9,206,053,137,433,240",,"631,903,547,704,604",49.66%,,5517573,,
20/05/2023,413,"1,261,091,761,016,330","9,189,561,743,422,240",,"629,188,213,311,726",50.11%,,5886042,,
25/05/2023,414,"1,266,965,539,860,820","9,173,472,878,616,630",,"637,777,326,549,094",49.66%,,5873779,,
30/05/2023,415,"1,272,798,631,646,020","9,157,220,397,160,130",,"635,021,305,096,926",50.11%,,5833092,,
04/06/2023,416,"1,278,342,807,280,510","9,141,408,669,939,470",,"643,321,502,183,584",49.68%,,5544176,,
09/06/2023,417,"1,283,676,763,623,900","9,126,046,644,944,240",,"640,355,261,440,316",50.12%,,5333956,,
14/06/2023,418,"1,289,082,659,079,950","9,110,127,202,404,420",,"648,727,397,639,634",49.68%,,5405895,,
19/06/2023,419,"1,294,423,169,897,740","9,094,338,748,570,020",,"645,695,772,258,106",50.12%,,5340511,,
24/06/2023,420,"1,299,778,626,218,850","9,078,521,499,110,560",,"654,082,853,960,744",49.68%,,5355456,,
29/06/2023,421,"1,305,029,315,722,190","9,063,032,557,660,480",,"650,946,461,761,446",50.12%,,5250690,,
04/07/2023,422,"1,310,263,863,997,300","9,047,622,199,764,890",,"659,317,402,235,854",49.68%,,5234548,,
09/07/2023,423,"1,315,551,035,659,310","9,032,034,292,857,260",,"656,233,633,423,456",50.12%,,5287172,,
14/07/2023,424,"1,320,864,396,635,140","9,016,392,244,472,160",,"664,630,763,211,684",49.68%,,5313361,,
19/07/2023,425,"1,326,160,702,195,940","9,000,866,603,128,570",,"661,529,938,984,256",50.12%,,5296306,,
24/07/2023,426,"1,331,451,253,889,830","8,985,278,126,640,110",,"669,921,314,905,574",49.68%,,5290552,,
29/07/2023,427,"1,336,737,020,880,090","8,969,722,014,329,330",,"666,815,705,974,516",50.12%,,5285767,,
03/08/2023,428,"1,341,996,676,328,650","8,954,215,876,954,020",,"675,180,970,354,134",49.69%,,5259655,,
08/08/2023,429,"1,347,267,485,402,980","8,938,829,163,644,500",,"672,086,515,048,846",50.11%,,5270809,,
13/08/2023,430,"1,352,522,451,375,730","8,923,448,699,710,220",,"680,435,936,326,884",49.69%,,5254966,,
18/08/2023,431,"1,357,779,071,669,940","8,908,035,374,574,990",,"677,343,135,343,056",50.11%,,5256620,,
23/08/2023,432,"1,363,023,110,216,080","8,892,643,599,428,590",,"685,679,974,873,024",49.69%,,5244039,,
28/08/2023,433,"1,368,214,253,632,520","8,877,370,345,904,230",,"682,534,278,759,496",50.11%,,5191143,,
02/09/2023,434,"1,373,239,820,320,660","8,862,589,414,115,350",,"690,705,541,561,164",49.70%,,5025567,,
07/09/2023,435,"1,378,419,161,023,560","8,847,342,747,476,440",,"687,713,619,462,396",50.11%,,5179341,,
12/09/2023,436,"1,383,599,670,487,640","8,832,022,058,874,830",,"695,886,051,025,244",49.70%,,5180509,,
17/09/2023,437,"1,388,777,091,806,870","8,816,766,950,673,500",,"692,891,040,781,626",50.11%,,5177421,,
22/09/2023,438,"1,394,003,371,321,230","8,801,415,188,576,250",,"701,112,330,539,604",49.71%,,5226280,,
27/09/2023,439,"1,399,218,565,292,670","8,786,093,762,361,530",,"698,106,234,753,066",50.11%,,5215194,,
02/10/2023,440,"1,404,363,573,077,980","8,770,985,210,124,100",,"706,257,338,324,914",49.71%,,5145008,,
07/10/2023,441,"1,409,557,056,505,620","8,755,712,247,133,770",,"703,299,718,180,706",50.10%,,5193483,,
12/10/2023,442,"1,364,721,053,361,800","8,740,627,073,337,480",,"661,421,335,181,094",51.53%,,-44836003,,
17/10/2023,443,"1,369,908,624,960,600","8,725,270,759,466,560",,"708,487,289,779,506",48.28%,,5187572,,
22/10/2023,444,"1,375,019,903,319,220","8,710,191,636,492,470",,"666,532,613,539,714",51.53%,,5111278,,
27/10/2023,445,"1,380,197,545,352,850","8,694,963,287,980,160",,"713,664,931,813,136",48.29%,,5177642,,
01/11/2023,446,"1,385,334,935,731,310","8,679,810,673,091,780",,"671,670,003,918,174",51.52%,,5137390,,
06/11/2023,447,"1,390,422,658,558,870","8,664,777,302,912,090",,"718,752,654,640,696",48.31%,,5087723,,
11/11/2023,448,"1,395,516,870,297,210","8,649,726,897,692,240",,"676,764,215,656,514",51.50%,,5094212,,
16/11/2023,449,"1,400,647,065,598,920","8,634,608,907,096,300",,"723,882,849,942,406",48.32%,,5130195,,
21/11/2023,450,"1,405,748,420,583,940","8,619,584,135,017,580",,"681,865,570,641,534",51.49%,,5101355,,
26/11/2023,451,"1,410,808,637,386,700","8,604,731,076,564,120",,"728,943,066,745,166",48.33%,,5060217,,
01/12/2023,452,"1,415,822,553,230,520","8,589,957,179,575,090",,"686,879,486,485,354",51.49%,,5013916,,
06/12/2023,453,"1,420,889,749,919,970","8,575,057,374,648,340",,"734,010,263,434,616",48.34%,,5067197,,
11/12/2023,454,"1,426,000,643,140,040","8,560,024,968,913,100",,"691,990,379,705,424",51.47%,,5110893,,
16/12/2023,455,"1,431,025,090,491,410","8,545,305,926,326,560",,"739,034,710,785,986",48.36%,,5024447,,
21/12/2023,456,"1,436,093,215,624,400","8,530,456,126,418,250",,"697,058,504,838,414",51.46%,,5068125,,
26/12/2023,457,"1,441,157,257,090,790","8,515,623,736,425,570",,"744,098,752,252,376",48.37%,,5064041,,
31/12/2023,458,"1,446,160,832,567,420","8,501,083,191,092,510",,"702,062,080,315,044",51.45%,,5003575,"326,591,742","320,877,391"
05/01/2024,459,"1,451,242,730,302,670","8,486,301,514,701,730",,"749,180,649,987,626",48.38%,,5081898,,
10/01/2024,460,"1,456,239,280,414,860","8,471,762,024,474,660",,"707,058,630,427,234",51.45%,,4996550,,
15/01/2024,461,"1,461,210,460,215,220","8,457,302,540,309,560",,"754,151,829,787,986",48.39%,,4971180,,
20/01/2024,462,"1,466,149,536,674,750","8,442,920,926,434,660",,"711,997,706,886,764",51.44%,,4939076,,
25/01/2024,463,"1,471,045,157,553,360","8,428,636,511,768,870",,"759,047,450,666,596",48.40%,,4895621,,
30/01/2024,464,"1,475,975,213,267,040","8,414,256,054,893,470",,"716,927,762,600,444",51.43%,,4930056,,
04/02/2024,465,"1,480,770,938,730,320","8,400,262,854,415,400",,"763,843,176,129,876",48.42%,,4795725,,
09/02/2024,466,"1,485,636,514,586,770","8,386,071,088,078,950",,"721,793,338,456,894",51.42%,,4865576,,
14/02/2024,467,"1,490,528,575,180,140","8,371,794,055,621,580",,"768,735,236,723,246",48.43%,,4892061,,
19/02/2024,468,"1,495,424,475,832,550","8,357,522,743,470,260",,"726,689,239,109,304",51.41%,,4895901,,
24/02/2024,469,"1,500,366,891,487,420","8,343,083,956,124,780",,"773,677,652,378,116",48.43%,,4942416,,
29/02/2024,470,"1,505,337,916,378,050","8,328,570,503,552,610",,"731,660,263,999,934",51.40%,,4971025,,
05/03/2024,471,"1,510,300,484,886,250","8,314,145,263,148,900",,"778,640,220,886,316",48.44%,,4962569,,
10/03/2024,472,"1,463,134,694,007,780","8,299,712,464,198,530",,"684,494,473,121,464",53.22%,,-47165791,,
15/03/2024,473,"1,468,083,519,808,450","8,285,364,056,959,990",,"783,589,046,686,986",46.63%,,4948826,,
20/03/2024,474,"1,472,947,334,083,940","8,271,283,701,035,530",,"689,358,287,396,954",53.20%,,4863814,,
25/03/2024,475,"1,477,802,105,663,120","8,257,181,621,486,330",,"788,443,818,266,166",46.65%,,4854772,,
30/03/2024,476,"1,482,630,527,975,380","8,243,160,250,015,050",,"694,186,709,709,214",53.18%,,4828422,,
04/04/2024,477,"1,487,521,974,453,740","8,228,975,392,411,640",,"793,335,264,744,526",46.67%,,4891446,,
09/04/2024,478,"1,492,348,596,544,410","8,214,994,323,137,690",,"699,013,331,799,884",53.16%,,4826622,,
14/04/2024,479,"1,497,165,313,551,000","8,201,129,718,611,940",,"798,151,981,751,116",46.69%,,4816717,,
19/04/2024,480,"1,502,038,291,741,990","8,187,070,476,979,140",,"703,886,309,990,874",53.14%,,4872978,,
24/04/2024,481,"1,506,941,118,966,230","8,172,897,979,043,620",,"803,054,808,975,356",46.71%,,4902827,,
29/04/2024,482,"1,511,816,216,675,330","8,158,797,579,880,840",,"708,761,407,699,974",53.12%,,4875098,,
04/05/2024,483,"1,516,694,508,210,490","8,144,675,912,835,740",,"807,933,100,510,516",46.73%,,4878292,,
09/05/2024,484,"1,521,584,234,785,000","8,130,526,817,894,670",,"713,651,134,274,484",53.10%,,4889727,,
14/05/2024,485,"1,526,471,044,644,530","8,116,368,193,817,810",,"812,819,910,370,046",46.75%,,4886810,,
19/05/2024,486,"1,531,331,315,641,690","8,102,288,065,038,960",,"718,511,405,271,644",53.08%,,4860271,,
24/05/2024,487,"1,536,114,019,459,080","8,088,437,919,200,590",,"817,602,614,187,436",46.77%,,4782704,,
29/05/2024,488,"1,540,899,754,794,540","8,074,565,826,556,150",,"723,297,140,607,104",53.06%,,4785735,,
03/06/2024,489,"1,545,637,399,983,830","8,060,828,529,222,140",,"822,340,259,376,726",46.80%,,4737645,,
08/06/2024,490,"1,550,401,607,761,740","8,047,010,081,468,560",,"728,061,348,385,014",53.04%,,4764208,,
13/06/2024,491,"1,555,176,058,996,220","8,033,172,145,504,730",,"827,114,710,611,206",46.82%,,4774451,,
18/06/2024,492,"1,559,918,119,894,830","8,019,423,454,847,030",,"732,803,409,283,624",53.02%,,4742061,,
23/06/2024,493,"1,564,590,697,784,210","8,005,883,735,416,310",,"831,787,288,500,586",46.84%,,4672578,,
28/06/2024,494,"1,569,327,676,418,070","7,992,233,702,329,510",,"737,540,387,917,484",53.00%,,4736979,,
03/07/2024,495,"1,574,019,542,289,390","7,978,730,256,074,580",,"836,479,154,371,906",46.86%,,4691866,,
08/07/2024,496,"1,476,619,445,875,690","7,965,004,592,410,000",,"640,140,291,503,784",56.65%,,-97400096,,
13/07/2024,497,"1,481,317,014,105,580","7,951,386,216,629,220",,"841,176,722,601,796",43.21%,,4697568,,
18/07/2024,498,"1,486,007,059,665,740","7,937,815,230,851,220",,"644,830,337,063,944",56.61%,,4690046,,
23/07/2024,499,"1,490,725,021,530,840","7,924,170,545,862,640",,"845,894,684,466,896",43.26%,,4717962,,
28/07/2024,500,"1,495,403,947,921,750","7,910,589,154,077,870",,"649,509,263,454,854",56.57%,,4678926,,
02/08/2024,501,"1,500,074,612,179,230","7,897,001,506,315,010",,"850,565,348,724,376",43.30%,,4670664,,
07/08/2024,502,"1,504,763,227,266,060","7,883,390,526,253,260",,"654,197,878,541,684",56.52%,,4688615,,
12/08/2024,503,"1,509,473,319,875,460","7,869,740,167,788,840",,"855,275,441,333,776",43.34%,,4710093,,
17/08/2024,504,"1,514,131,702,485,270","7,856,412,006,012,710",,"658,856,261,151,494",56.49%,,4658383,,
22/08/2024,505,"1,518,869,032,724,500","7,842,889,284,966,700",,"860,012,771,573,006",43.38%,,4737330,,
27/08/2024,506,"1,523,532,096,285,940","7,829,573,342,038,780",,"663,519,324,712,934",56.45%,,4663064,,
01/09/2024,507,"1,528,154,947,846,610","7,816,251,180,544,570",,"864,635,623,133,676",43.42%,,4622852,,
06/09/2024,508,"1,532,828,945,705,960","7,802,782,712,972,540",,"668,193,322,572,284",56.41%,,4673998,,
11/09/2024,509,"1,537,376,975,934,450","7,789,809,997,399,200",,"869,183,653,362,166",43.46%,,4548030,,
16/09/2024,510,"1,541,947,683,854,330","7,776,682,557,725,740",,"672,764,030,492,164",56.37%,,4570708,,
21/09/2024,511,"1,546,537,960,700,280","7,763,466,534,897,360",,"873,773,930,208,116",43.50%,,4590277,,
26/09/2024,512,"1,551,120,138,892,340","7,750,347,819,157,560",,"677,346,208,684,224",56.33%,,4582178,,
01/10/2024,513,"1,555,688,467,465,560","7,737,238,847,635,650",,"878,342,258,781,336",43.54%,,4568329,,
06/10/2024,514,"1,560,274,087,294,580","7,724,114,066,210,540",,"681,931,828,513,244",56.29%,,4585620,,
11/10/2024,515,"1,564,893,381,140,130","7,710,840,811,535,120",,"882,961,552,626,886",43.58%,,4619294,,
16/10/2024,516,"1,569,476,292,253,070","7,697,681,960,525,040",,"686,514,739,626,184",56.26%,,4582911,,
21/10/2024,517,"1,574,027,226,901,630","7,684,715,051,166,790",,"887,512,487,275,446",43.62%,,4550935,,
26/10/2024,518,"1,578,692,757,476,580","7,671,724,883,246,430",,"691,180,270,201,134",56.22%,,4665531,,
31/10/2024,519,"1,583,319,123,795,730","7,658,581,735,905,740",,"892,138,853,594,596",43.65%,,4626366,,
05/11/2024,520,"1,587,845,138,859,040","7,645,768,723,008,280",,"695,706,285,264,444",56.19%,,4526015,,
10/11/2024,521,"1,592,331,641,228,980","7,633,094,000,777,680",,"896,625,355,964,536",43.69%,,4486502,,
15/11/2024,522,"1,596,870,443,401,430","7,620,302,863,773,950",,"700,245,087,436,894",56.15%,,4538802,,
20/11/2024,523,"1,601,367,031,103,590","7,607,610,747,076,200",,"901,121,943,666,696",43.73%,,4496588,,
25/11/2024,524,"1,605,867,363,924,090","7,595,003,223,306,720",,"704,745,420,257,394",56.11%,,4500333,,
30/11/2024,525,"1,610,327,841,943,300","7,582,597,266,023,560",,"905,582,421,685,906",43.76%,,4460478,,
05/12/2024,526,"1,614,845,026,268,100","7,570,016,745,300,600",,"709,262,604,582,194",56.08%,,4517184,,
10/12/2024,527,"1,619,326,627,836,750","7,557,630,419,439,670",,"910,064,023,254,556",43.80%,,4481602,,
15/12/2024,528,"1,623,777,941,276,570","7,545,301,818,317,180",,"713,713,918,022,014",56.05%,,4451313,,
20/12/2024,529,"1,628,218,659,074,140","7,533,008,055,566,610",,"914,504,741,052,126",43.83%,,4440718,,
25/12/2024,530,"1,632,716,817,250,120","7,520,543,391,434,930",,"718,212,076,197,994",56.01%,,4498158,,
30/12/2024,531,"1,637,199,823,678,640","7,508,122,101,528,190",,"918,987,747,480,646",43.87%,,4483006,"191,038,991","185,957,093"
04/01/2025,532,"1,641,656,329,184,830","7,495,773,911,585,370",,"722,668,581,704,184",55.98%,,4456506,,
09/01/2025,533,"1,646,135,439,887,110","7,483,332,054,370,320",,"923,466,858,182,926",43.90%,,4479111,,
14/01/2025,534,"1,650,631,985,932,740","7,470,819,003,002,990",,"727,165,127,749,814",55.95%,,4496546,,
19/01/2025,535,"1,655,096,893,563,000","7,458,430,104,616,140",,"927,931,765,813,186",43.93%,,4464908,,
24/01/2025,536,"1,659,589,823,833,180","7,445,967,855,869,500",,"731,658,058,019,994",55.91%,,4492930,,
29/01/2025,537,"1,664,007,113,173,750","7,433,694,305,914,140",,"932,349,055,153,756",43.97%,,4417289,,
03/02/2025,538,"1,668,494,670,404,460","7,421,230,710,104,420",,"736,145,615,250,704",55.88%,,4487557,,
08/02/2025,539,"1,672,936,804,237,520","7,408,926,927,280,500",,"936,791,188,986,816",44.00%,,4442134,,
13/02/2025,540,"1,677,291,581,661,320","7,396,826,608,934,590",,"740,500,392,674,504",55.85%,,4354777,,
18/02/2025,541,"1,681,719,994,417,420","7,384,491,692,705,290",,"941,219,601,742,916",44.03%,,4428413,"44,520,171","40,063,665"
,,,,,Average over 10 epoch,,,4452017,,
,,,,,Average x remaining 63 epoch,,,280477076,,