Ballot Id,Proposal Id,Name,,Passed?,No,Abstain,Yes,Total No,Total Abstain,Total Yes,Total Participating,No Threshold,Yes Threshold
680d1b63565577986442d123,680d1b63565577986442d126,Blockchain Adoption Map for Brazilian Agribusiness,https://2025budget.intersectmbo.org/ballots/680d1b63565577986442d123/proposals/680d1b63565577986442d126,FALSE,107,10,3,2474443939817697,604241074061747,25284565885155,2499728505702852,0.989885,0.010115
680d1b63565577986442d123,680d1b63565577986442d129,Cardano Integration Pilot: Increasing Liquidity & Transactions from the on-boarding of traditional business.,https://2025budget.intersectmbo.org/ballots/680d1b63565577986442d123/proposals/680d1b63565577986442d129,FALSE,108,14,2,2696033103511538,294982516878587,194528136414532,2890561239926070,0.932702,0.067298
680d1b63565577986442d123,680d1b63565577986442d12e,DRep Incentivization Framework,https://2025budget.intersectmbo.org/ballots/680d1b63565577986442d123/proposals/680d1b63565577986442d12e,FALSE,96,16,19,2586043175777367,497503567270612,170131846236901,2756175022014268,0.938272,0.061728
680d1b63565577986442d123,680d1b63565577986442d132,Cardano's Planetary Public Good Network of DAOs supported by AGI Agents & RWA Infrastructure,https://2025budget.intersectmbo.org/ballots/680d1b63565577986442d123/proposals/680d1b63565577986442d132,FALSE,110,13,0,2817041011297640,308965766284360,0,2817041011297640,1,0
680d1b63565577986442d123,680d1b63565577986442d134,Atlas PAB - Chainlink Oracle Integration,https://2025budget.intersectmbo.org/ballots/680d1b63565577986442d123/proposals/680d1b63565577986442d134,FALSE,65,24,35,1326019285440317,1537200953978836,503975405815613,1829994691255930,0.724603,0.275397
680d1b63565577986442d123,680d1b63565577986442d136,Atlas PAB: Aiken and Governance Integration,https://2025budget.intersectmbo.org/ballots/680d1b63565577986442d123/proposals/680d1b63565577986442d136,FALSE,70,25,28,1457742288626212,1526296178801746,382352409391541,1840094698017753,0.79221,0.20779
680d1b63565577986442d123,680d1b63565577986442d138,"Atlas PAB: Hydra and L2 Integration (Midgard, Midnight, ZkFold)",https://2025budget.intersectmbo.org/ballots/680d1b63565577986442d123/proposals/680d1b63565577986442d138,FALSE,63,23,38,1190529290763834,1521397730788228,681608716705030,1872138007468864,0.63592,0.36408
680d1b63565577986442d123,680d1b63565577986442d13a,Atlas PAB: Integration with Masumi AI Agent Protocol,https://2025budget.intersectmbo.org/ballots/680d1b63565577986442d123/proposals/680d1b63565577986442d13a,FALSE,84,23,16,1696968563262360,1513736979482520,140938840223241,1837907403485601,0.923316,0.076684
680d1b63565577986442d123,680d1b63565577986442d13c,Atlas PAB: Native Bitcoin (BTC) Integration Layer,https://2025budget.intersectmbo.org/ballots/680d1b63565577986442d123/proposals/680d1b63565577986442d13c,FALSE,75,22,27,1399583487684264,1520860657381993,428835862789084,1828419350473348,0.765461,0.234539
680d1b63565577986442d123,680d1b63565577986442d13e,"Cardano x Killer Whales show, media incubator & KOL partnership and Techstack on Cardano",https://2025budget.intersectmbo.org/ballots/680d1b63565577986442d123/proposals/680d1b63565577986442d13e,FALSE,106,10,15,2364158055392552,176012378944175,1047810436255412,3411968491647964,0.692901,0.307099
680d1b63565577986442d123,680d1b63565577986442d140,Rewards Calculation Service (RCS) for Cardano,https://2025budget.intersectmbo.org/ballots/680d1b63565577986442d123/proposals/680d1b63565577986442d140,FALSE,112,13,9,2181909463859948,632235025562397,770253394386608,2952162858246556,0.739088,0.260912
680d1b63565577986442d123,680d1b63565577986442d142,Digital Dancer ID ‚Äì Empowering the Global Dance Community on the Cardano Blockchain üíÉ,https://2025budget.intersectmbo.org/ballots/680d1b63565577986442d123/proposals/680d1b63565577986442d142,FALSE,108,10,1,2570878306990823,603041256133975,3970388802787,2574848695793610,0.998458,0.001542
680d1b63565577986442d123,680d1b63565577986442d144,"A Holistic Product Research Program: Complement to the community proposal - Understanding Cardano‚Äôs Users, Opportunities, and Obstacles",https://2025budget.intersectmbo.org/ballots/680d1b63565577986442d123/proposals/680d1b63565577986442d144,FALSE,103,13,4,2876990989272217,268492540230984,192592798417904,3069583787690121,0.937258,0.062742
680d1b63565577986442d123,680d1b63565577986442d146,Cardano 2030 Vision: Complement to the community proposal - A Futures Weaving Process,https://2025budget.intersectmbo.org/ballots/680d1b63565577986442d123/proposals/680d1b63565577986442d146,FALSE,99,17,6,2342209286812375,645505889206272,193918048154596,2536127334966971,0.923538,0.076462
680d1b63565577986442d123,680d1b63565577986442d148,Enhancing the Project Catalyst Award System,https://2025budget.intersectmbo.org/ballots/680d1b63565577986442d123/proposals/680d1b63565577986442d148,FALSE,102,15,5,2350103589570696,630068404407088,195403623305699,2545507212876395,0.923236,0.076764
680d1b63565577986442d123,680d1b63565577986442d14a,Blockfrost Platform community budget proposal,https://2025budget.intersectmbo.org/ballots/680d1b63565577986442d123/proposals/680d1b63565577986442d14a,TRUE,16,8,112,76840839022531,61443046427835,3185852720920725,3262693559943256,0.023551,0.976449
680d1b63565577986442d123,680d1b63565577986442d14c,Cardano Summit 2025 and regional tech events,https://2025budget.intersectmbo.org/ballots/680d1b63565577986442d123/proposals/680d1b63565577986442d14c,TRUE,39,12,83,348289612466767,132602917281726,2985954248422381,3334243860889148,0.104458,0.895542
680d1b63565577986442d123,680d1b63565577986442d14e,Cash Grab,https://2025budget.intersectmbo.org/ballots/680d1b63565577986442d123/proposals/680d1b63565577986442d14e,FALSE,127,9,3,3372894062213992,54749470432626,3620944613787,3376515006827779,0.998928,0.001072
680d1b63565577986442d123,680d1b63565577986442d150,Cardano Builder DAO,https://2025budget.intersectmbo.org/ballots/680d1b63565577986442d123/proposals/680d1b63565577986442d150,TRUE,70,23,41,737110120663467,1297547475364006,1464876966378205,2201987087041672,0.334748,0.665252
680d1b63565577986442d123,680d1b63565577986442d152,Cardano Maintenance and Roadmap Delivery Proposal: Secure Ada Network Infrastructure for the enTire cardano communitY,https://2025budget.intersectmbo.org/ballots/680d1b63565577986442d123/proposals/680d1b63565577986442d152,FALSE,97,16,20,2817712225232636,470172183359804,174394597241662,2992106822474298,0.941715,0.058285
680d1b63565577986442d123,680d1b63565577986442d154,Growth & Marketing Committee (GMC) Budget Proposal,https://2025budget.intersectmbo.org/ballots/680d1b63565577986442d123/proposals/680d1b63565577986442d154,FALSE,86,15,26,2228940264647492,361081129690866,658409620654292,2887349885301784,0.771967,0.228033
680d1b63565577986442d123,680d1b63565577986442d156,LIQWID: A FULLY OPEN-SOURCE CARDANO PUBLIC GOOD,https://2025budget.intersectmbo.org/ballots/680d1b63565577986442d123/proposals/680d1b63565577986442d156,FALSE,103,18,10,2499408283923867,513103087789462,472188912563547,2971597196487414,0.841099,0.158901
680d1b63565577986442d123,680d1b63565577986442d158,Cardano Governance Workstreams,https://2025budget.intersectmbo.org/ballots/680d1b63565577986442d123/proposals/680d1b63565577986442d158,FALSE,106,11,11,2953008247043848,277143714961237,6091097871154,2959099344915002,0.997942,0.002058
680d1b63565577986442d123,680d1b63565577986442d15a,Enhancing Project Catalyst through a MEAL Framework & After-Action Review,https://2025budget.intersectmbo.org/ballots/680d1b63565577986442d123/proposals/680d1b63565577986442d15a,FALSE,103,17,3,2506663221134360,650445055372399,194736953454815,2701400174589175,0.927913,0.072087
680d1b63565577986442d123,680d1b63565577986442d15c,Grants & Funding Mechanisms: Ecosystem Assessment,https://2025budget.intersectmbo.org/ballots/680d1b63565577986442d123/proposals/680d1b63565577986442d15c,FALSE,99,15,8,2346030259198101,627618080527921,208623470376022,2554653729574123,0.918336,0.081664
680d1b63565577986442d123,680d1b63565577986442d15e,Cardano VC & AI Launchpad (Powered by Antler),https://2025budget.intersectmbo.org/ballots/680d1b63565577986442d123/proposals/680d1b63565577986442d15e,FALSE,99,13,23,1930739910982582,459010601411078,1209736684530949,3140476595513531,0.614792,0.385208
680d1b63565577986442d123,680d1b63565577986442d160,GreenRewards: Cardano for Climate Action in Africa,https://2025budget.intersectmbo.org/ballots/680d1b63565577986442d123/proposals/680d1b63565577986442d160,FALSE,106,14,3,2353249937428756,826626696994666,4100814254469,2357350751683225,0.99826,0.00174
680d1b63565577986442d123,680d1b63565577986442d162,Complement Catalyst: Extended Quadratic Funding‚ÄîZero Operational Costs,https://2025budget.intersectmbo.org/ballots/680d1b63565577986442d123/proposals/680d1b63565577986442d162,TRUE,65,14,54,1194457970954535,201020628698251,2035647213102762,3230105184057297,0.369789,0.630211
680d1b63565577986442d123,680d1b63565577986442d164,USDX on Cardano,https://2025budget.intersectmbo.org/ballots/680d1b63565577986442d123/proposals/680d1b63565577986442d164,FALSE,101,15,15,1770518928770160,668019169998112,1164615029522627,2935133958292787,0.603216,0.396784
680d1b63565577986442d123,680d1b63565577986442d166,The Ledger: Red Silence ‚Äì Pioneering Decentralized Sci-Fi Media üé¨,https://2025budget.intersectmbo.org/ballots/680d1b63565577986442d123/proposals/680d1b63565577986442d166,FALSE,116,11,1,3003725670719263,243685459538387,208817040283,3003934487759546,0.99993,0.00007
680d1b63565577986442d123,680d1b63565577986442d168,Decoding the Future: Strategic Market Intelligence for the Cardano Ecosystem,https://2025budget.intersectmbo.org/ballots/680d1b63565577986442d123/proposals/680d1b63565577986442d168,FALSE,92,16,24,1765578900708742,308927573629795,1565826794381932,3331405695090674,0.52998,0.47002
680d1b63565577986442d123,680d1b63565577986442d16a,"Communicating the Future We‚Äôre Building, Block by Block",https://2025budget.intersectmbo.org/ballots/680d1b63565577986442d123/proposals/680d1b63565577986442d16a,FALSE,97,12,19,1819383848227148,266058443635749,1356950784104031,3176334632331179,0.572794,0.427206
680d1b63565577986442d123,680d1b63565577986442d16c,Genius X ‚Äì Cardano Accelerator Program,https://2025budget.intersectmbo.org/ballots/680d1b63565577986442d123/proposals/680d1b63565577986442d16c,FALSE,102,18,3,2545134636297754,632199228017718,4187361397738,2549321997695492,0.998357,0.001643
680d1b63565577986442d123,680d1b63565577986442d16e,Cardano VigilADA: A Multi-Layered ML Framework for Real-Time On-Chain Anomaly Detection and Agentic Analysis,https://2025budget.intersectmbo.org/ballots/680d1b63565577986442d123/proposals/680d1b63565577986442d16e,FALSE,113,13,0,3149635760040279,252908515573598,0,3149635760040279,1,0
680d1b63565577986442d123,680d1b63565577986442d170,Ecosystem Exchange Listing and Market Making service pool,https://2025budget.intersectmbo.org/ballots/680d1b63565577986442d123/proposals/680d1b63565577986442d170,TRUE,91,13,30,1066104452174132,1047219700067209,1674918287415887,2741022739590019,0.388944,0.611056
680d1b63565577986442d123,680d1b63565577986442d172,ZK Bridge,https://2025budget.intersectmbo.org/ballots/680d1b63565577986442d123/proposals/680d1b63565577986442d172,TRUE,56,20,60,666950560813197,314199415148454,2634818575340747,3301769136153944,0.201998,0.798002
680d1b63565577986442d123,680d1b63565577986442d174,Shadow: A Permissionless Copy Trading Protocol for Cardano,https://2025budget.intersectmbo.org/ballots/680d1b63565577986442d123/proposals/680d1b63565577986442d174,FALSE,112,11,0,2830847640180715,268650343525293,0,2830847640180715,1,0
680d1b63565577986442d123,680d1b63565577986442d176,YieldBridge ‚Äî Regulated Private-Credit Tokens on Cardano,https://2025budget.intersectmbo.org/ballots/680d1b63565577986442d123/proposals/680d1b63565577986442d176,FALSE,109,10,3,2922710511526958,240688758190755,9057798644963,2931768310171921,0.99691,0.00309
680d1b63565577986442d123,680d1b63565577986442d178,Cardano Constitutional Committee Formation and Governance Training with the SanchoNet Education Network,https://2025budget.intersectmbo.org/ballots/680d1b63565577986442d123/proposals/680d1b63565577986442d178,FALSE,76,21,33,965436969670710,1788687293863049,375460527499051,1340897497169761,0.719993,0.280007
680d1b63565577986442d123,680d1b63565577986442d17a,"First Regulated & Licensed RWA Exchange on Cardano (with products from UBS, Invesco etc.) - DigiFT",https://2025budget.intersectmbo.org/ballots/680d1b63565577986442d123/proposals/680d1b63565577986442d17a,FALSE,98,13,24,1697993994940672,225822660498147,1657878109914328,3355872104855000,0.505977,0.494023
680d1b63565577986442d123,680d1b63565577986442d17c,Business Growth Initiative for Cardano Startups,https://2025budget.intersectmbo.org/ballots/680d1b63565577986442d123/proposals/680d1b63565577986442d17c,FALSE,99,20,4,2262309943221458,906598209874211,16062708932474,2278372652153932,0.99295,0.00705
680d1b63565577986442d123,680d1b63565577986442d17e, Amplify Cardano: Community-Led Marketing Fund by Rare Network,https://2025budget.intersectmbo.org/ballots/680d1b63565577986442d123/proposals/680d1b63565577986442d17e,FALSE,79,21,29,1357593767961824,1136356531819448,740510228468390,2098103996430214,0.647057,0.352943
680d1b63565577986442d123,680d1b63565577986442d180,Amplify Cardano: Community-Led Events Fund by Rare Network,https://2025budget.intersectmbo.org/ballots/680d1b63565577986442d123/proposals/680d1b63565577986442d180,FALSE,79,18,30,1729789064564394,562158434042860,942473499406335,2672262563970729,0.647313,0.352687
680d1b63565577986442d123,680d1b63565577986442d182,Marketing Infrastructure for Cardano,https://2025budget.intersectmbo.org/ballots/680d1b63565577986442d123/proposals/680d1b63565577986442d182,FALSE,95,21,7,2178520275731458,972648611586619,45320251757856,2223840527489314,0.979621,0.020379
680d1b63565577986442d123,680d1b63565577986442d184,PyCardano ,https://2025budget.intersectmbo.org/ballots/680d1b63565577986442d123/proposals/680d1b63565577986442d184,TRUE,35,28,62,209340101907053,1791118773114225,1200377268912882,1409717370819935,0.148498,0.851502
680d1b63565577986442d123,680d1b63565577986442d186,High-yield RWA Asset for Cardano : Tokenized Real Estate,https://2025budget.intersectmbo.org/ballots/680d1b63565577986442d123/proposals/680d1b63565577986442d186,TRUE,90,13,33,1575340082071279,318599242213747,1754949373057844,3330289455129123,0.473034,0.526966
680d1b63565577986442d123,680d1b63565577986442d188,LegalTech and Crypto Arbitration & Mediation Center - Dispute Resolution on the Blockchain and bridging the gap between the traditional legal industry and Cardano's Ecosystem,https://2025budget.intersectmbo.org/ballots/680d1b63565577986442d123/proposals/680d1b63565577986442d188,FALSE,108,12,3,2922143725273476,254977288048623,4206339598382,2926350064871858,0.998563,0.001437
680d1b63565577986442d123,680d1b63565577986442d18a,Cardano DIA Oracle Integration,https://2025budget.intersectmbo.org/ballots/680d1b63565577986442d123/proposals/680d1b63565577986442d18a,FALSE,93,18,12,1584309928942232,1343404931512192,420208594521185,2004518523463417,0.790369,0.209631
680d1b63565577986442d123,680d1b63565577986442d18c,Application Level Message Protocol,https://2025budget.intersectmbo.org/ballots/680d1b63565577986442d123/proposals/680d1b63565577986442d18c,FALSE,106,15,3,2041422144497363,921324948832936,137221024697886,2178643169195249,0.937015,0.062985
680d1b63565577986442d123,680d1b63565577986442d18e,From Roadmap to Reality: Strategic Decisions for a Purpose-Driven Cardano,https://2025budget.intersectmbo.org/ballots/680d1b63565577986442d123/proposals/680d1b63565577986442d18e,FALSE,101,17,4,2351103295635711,796038750942957,37175110969718,2388278406605429,0.984434,0.015566
680d1b63565577986442d123,680d1b63565577986442d190,Cardano User Growth: Unifying the Ecosystem for Mass Adoption,https://2025budget.intersectmbo.org/ballots/680d1b63565577986442d123/proposals/680d1b63565577986442d190,FALSE,111,13,5,2931988468704161,235665240975446,27447276301907,2959435745006068,0.990726,0.009274
680d1b63565577986442d123,680d1b63565577986442d192,Beyond Minimum Viable Governance: Iteratively Improving on Cardano Voltaire,https://2025budget.intersectmbo.org/ballots/680d1b63565577986442d123/proposals/680d1b63565577986442d192,TRUE,50,5,78,672594662402348,3492874591301,2460990529692991,3133585192095339,0.214641,0.785359
680d1b63565577986442d123,680d1b63565577986442d194,Cardano for Institutions: Decentralizing Government & Public Infrastructures,https://2025budget.intersectmbo.org/ballots/680d1b63565577986442d123/proposals/680d1b63565577986442d194,FALSE,111,14,3,2988567800897571,237946434827825,4835393529761,2993403194427332,0.998385,0.001615
680d1b63565577986442d123,680d1b63565577986442d196,Cardano Unlocked: Breaking the Language Barrier in Code and Story,https://2025budget.intersectmbo.org/ballots/680d1b63565577986442d123/proposals/680d1b63565577986442d196,FALSE,110,9,8,2906121681367763,230934005687047,45495725052377,2951617406420140,0.984586,0.015414
680d1b63565577986442d123,680d1b63565577986442d198,Zk Voting in Aiken,https://2025budget.intersectmbo.org/ballots/680d1b63565577986442d123/proposals/680d1b63565577986442d198,FALSE,85,22,17,2219314763817404,810255752120473,96435514345895,2315750278163299,0.958357,0.041643
680d1b63565577986442d123,680d1b63565577986442d19a,LedgerSync: Financial Data Infrastructure for Cardano,https://2025budget.intersectmbo.org/ballots/680d1b63565577986442d123/proposals/680d1b63565577986442d19a,FALSE,98,19,4,1619258328040306,1551191448188936,13802578639860,1633060906680166,0.991548,0.008452
680d1b63565577986442d123,680d1b63565577986442d19c,Comprehensive A.I. and DeFAI Infrastructure for Cardano - FUKU AI,https://2025budget.intersectmbo.org/ballots/680d1b63565577986442d123/proposals/680d1b63565577986442d19c,FALSE,104,17,14,1914172546569407,466371269261204,1258362682110039,3172535228679446,0.603357,0.396643
680d1b63565577986442d123,680d1b63565577986442d19e,"Global Brand Strategy, Creative Campaign & Global Creative Asset Catalogue",https://2025budget.intersectmbo.org/ballots/680d1b63565577986442d123/proposals/680d1b63565577986442d19e,FALSE,109,11,7,2412630571486650,227335834544446,548184589273070,2960815160759720,0.814853,0.185147
680d1b63565577986442d123,680d1b63565577986442d1a0,Membership & Community Committee (MCC) - Global Community Hubs Expansion Program,https://2025budget.intersectmbo.org/ballots/680d1b63565577986442d123/proposals/680d1b63565577986442d1a0,FALSE,88,17,20,1226078102481522,1804059431302865,166899575731911,1392977678213433,0.880185,0.119815
680d1b63565577986442d123,680d1b63565577986442d1a2,Expanding Stablecoin / Cardano Native Asset Support / Fiat Ramps,https://2025budget.intersectmbo.org/ballots/680d1b63565577986442d123/proposals/680d1b63565577986442d1a2,TRUE,82,15,37,1631928172311836,317189222279728,1662783365227736,3294711537539572,0.495317,0.504683
680d1b63565577986442d123,680d1b63565577986442d1a4,DecSocial Embedded Wallets,https://2025budget.intersectmbo.org/ballots/680d1b63565577986442d123/proposals/680d1b63565577986442d1a4,FALSE,109,13,13,2247527949137463,252551709914147,1186587193053924,3434115142191387,0.654471,0.345529
680d1b63565577986442d123,680d1b63565577986442d1a6,MLabs Research towards Tooling for Elliptical Curves - GrumpleStiltSkin,https://2025budget.intersectmbo.org/ballots/680d1b63565577986442d123/proposals/680d1b63565577986442d1a6,TRUE,43,26,53,615418992922908,1424264342017898,1235470972782976,1850889965705884,0.332499,0.667501
680d1b63565577986442d123,680d1b63565577986442d1a8,Unlocking 10%+ Yield: Bringing Real-World Assets to Cardano with InsurToken,https://2025budget.intersectmbo.org/ballots/680d1b63565577986442d123/proposals/680d1b63565577986442d1a8,FALSE,107,12,18,2115865676169519,48568802296009,1504487707178732,3620353383348251,0.584436,0.415564
680d1b63565577986442d123,680d1b63565577986442d1aa,**Regulated Private Credit RWA products on Cardano**,https://2025budget.intersectmbo.org/ballots/680d1b63565577986442d123/proposals/680d1b63565577986442d1aa,FALSE,105,11,21,2059397525555147,59397408793920,1563421411140455,3622818936695602,0.568452,0.431548
680d1b63565577986442d123,680d1b63565577986442d1ac,Incentivized Waste Sorting and Recycling Platform,https://2025budget.intersectmbo.org/ballots/680d1b63565577986442d123/proposals/680d1b63565577986442d1ac,FALSE,108,15,1,2726429785952379,614708853386556,4282641426909,2730712427379288,0.998432,0.001568
680d1b63565577986442d123,680d1b63565577986442d1ae,Leveling the Pitch: Blockchain Solutions for Fair and Open Football Careers in Africa,https://2025budget.intersectmbo.org/ballots/680d1b63565577986442d123/proposals/680d1b63565577986442d1ae,FALSE,108,14,1,2647954364270979,611065319697701,34110791266770,2682065155537749,0.987282,0.012718
680d1b63565577986442d123,680d1b63565577986442d1b0,"The DRep Collective: Preparing for CIP-1007 Extended DRep Credentials, Ecosystem Mapping, & Collective Governance NFTs",https://2025budget.intersectmbo.org/ballots/680d1b63565577986442d123/proposals/680d1b63565577986442d1b0,FALSE,99,16,12,2798177709501416,273952694388801,56571912898028,2854749622399444,0.980183,0.019817
680d1b63565577986442d123,680d1b63565577986442d1b2,Bridging Knowledge and Innovation: The Ultimate Cardano Video Series / Áü•Ë≠ò„Å® „Ç§„Éé„Éô„Éº„Ç∑„Éß„É≥ „ÇíÁπã„Åê:  Á©∂Ê•µ„ÅÆCardano„Éì„Éá„Ç™„Ç∑„É™„Éº„Ç∫,https://2025budget.intersectmbo.org/ballots/680d1b63565577986442d123/proposals/680d1b63565577986442d1b2,FALSE,101,15,17,1878871418820917,465330493430061,1186522351766155,3065393770587072,0.61293,0.38707
680d1b63565577986442d123,680d1b63565577986442d1b4,Cardano Governance MCP: natural language access to governance data ,https://2025budget.intersectmbo.org/ballots/680d1b63565577986442d123/proposals/680d1b63565577986442d1b4,FALSE,97,18,9,2299336746291258,809724924780100,31016990077177,2330353736368435,0.98669,0.01331
680d1b63565577986442d123,680d1b63565577986442d1b6,"Transforming Governance: Cardano Blockchain for Professional Transparency and Accountability""""",https://2025budget.intersectmbo.org/ballots/680d1b63565577986442d123/proposals/680d1b63565577986442d1b6,FALSE,109,13,0,2694827957006720,598216256290962,0,2694827957006720,1,0
680d1b63565577986442d123,680d1b63565577986442d1b8,CL Web3 Grants Hub ‚Äì Impact & Data-Driven Analytics for Catalyst,https://2025budget.intersectmbo.org/ballots/680d1b63565577986442d123/proposals/680d1b63565577986442d1b8,FALSE,102,16,4,2248944251180749,847647050168377,195226843239772,2444171094420521,0.920126,0.079874
680d1b63565577986442d123,680d1b63565577986442d1ba,Cardano Builder Support System by Areta,https://2025budget.intersectmbo.org/ballots/680d1b63565577986442d123/proposals/680d1b63565577986442d1ba,FALSE,108,12,5,2653625470357955,269782734568001,197026138388731,2850651608746686,0.930884,0.069116
680d1b63565577986442d123,680d1b63565577986442d1bc,Broadcast-Blockchain Infrastructure Platform,https://2025budget.intersectmbo.org/ballots/680d1b63565577986442d123/proposals/680d1b63565577986442d1bc,FALSE,106,13,12,2046886616297757,657137053407622,658290812244251,2705177428542008,0.756655,0.243345
680d1b63565577986442d123,680d1b63565577986442d1be,Cardano Project Hermes ,https://2025budget.intersectmbo.org/ballots/680d1b63565577986442d123/proposals/680d1b63565577986442d1be,FALSE,103,19,2,2242111601477968,856023802753783,28987521802609,2271099123280577,0.987236,0.012764
680d1b63565577986442d123,680d1b63565577986442d1c0,USDA (and Cardano) integration to African startups by Haske & Kepple,https://2025budget.intersectmbo.org/ballots/680d1b63565577986442d123/proposals/680d1b63565577986442d1c0,FALSE,107,11,13,2341563968830723,503413803857125,439243911853625,2780807880684348,0.842044,0.157956
680d1b63565577986442d123,680d1b63565577986442d1c2,Indonesian Cardano Community: DeFi & On-chain Governance Workshop 2025,https://2025budget.intersectmbo.org/ballots/680d1b63565577986442d123/proposals/680d1b63565577986442d1c2,FALSE,104,14,5,2468934441740548,706077300559298,8353763104817,2477288204845365,0.996628,0.003372
680d1b63565577986442d123,680d1b63565577986442d1c4,zkFold ZK Rollup,https://2025budget.intersectmbo.org/ballots/680d1b63565577986442d123/proposals/680d1b63565577986442d1c4,TRUE,24,9,109,207517936337608,68589273230435,3202723722088992,3410241658426600,0.060851,0.939149
680d1b63565577986442d123,680d1b63565577986442d1c6,A Global Product Vision Initiative; Cardano 2025-2030 - An African Perspective.,https://2025budget.intersectmbo.org/ballots/680d1b63565577986442d123/proposals/680d1b63565577986442d1c6,FALSE,103,14,12,2643398187386815,268188436211911,441968001024079,3085366188410894,0.856753,0.143247
680d1b63565577986442d123,680d1b63565577986442d1c8,"Cardano 3D World Hub ‚Äì Onboarding, Education, and Community",https://2025budget.intersectmbo.org/ballots/680d1b63565577986442d123/proposals/680d1b63565577986442d1c8,FALSE,105,17,1,2547519212779256,637394897939798,56751309089,2547575964088345,0.999978,0.000022
680d1b63565577986442d123,680d1b63565577986442d1ca,Open-Source Composable Smart Contracts Audit Funding,https://2025budget.intersectmbo.org/ballots/680d1b63565577986442d123/proposals/680d1b63565577986442d1ca,FALSE,89,24,7,1182497516405100,1783366504420348,80637278291476,1263134794696576,0.936161,0.063839
680d1b63565577986442d123,680d1b63565577986442d1cc,The Cardano community's open-source tool for participation in its governance: Cardano Govtool,https://2025budget.intersectmbo.org/ballots/680d1b63565577986442d123/proposals/680d1b63565577986442d1cc,FALSE,86,22,19,2123139698308785,736041011364359,265038043156333,2388177741465118,0.889021,0.110979
680d1b63565577986442d123,680d1b63565577986442d1ce,Unlock BTC Liquidity with Cardano Smart Contracts,https://2025budget.intersectmbo.org/ballots/680d1b63565577986442d123/proposals/680d1b63565577986442d1ce,FALSE,87,20,19,1176600417381183,1619432999674112,311289241032747,1487889658413930,0.790785,0.209215
680d1b63565577986442d123,680d1b63565577986442d1d0,"Community Centric Partnerships for Africa, LATAM, Middle East and Oceania",https://2025budget.intersectmbo.org/ballots/680d1b63565577986442d123/proposals/680d1b63565577986442d1d0,FALSE,109,15,2,2800503992221872,301827868346103,576151722725,2801080143944597,0.999794,0.000206
680d1b63565577986442d123,680d1b63565577986442d1d2,Crypto Inheritance and Recovery Dapp - GenWealth,https://2025budget.intersectmbo.org/ballots/680d1b63565577986442d123/proposals/680d1b63565577986442d1d2,FALSE,96,16,13,2040316288179024,959894595522533,230182180522265,2270498468701289,0.89862,0.10138
680d1b63565577986442d123,680d1b63565577986442d1d4,Phoenix 2.0: Rebuilding Relationships and Establishing a Robust Foundation for Cardano in Japan,https://2025budget.intersectmbo.org/ballots/680d1b63565577986442d123/proposals/680d1b63565577986442d1d4,FALSE,103,18,2,2550851994047997,628315943274367,4437885348017,2555289879396014,0.998263,0.001737
680d1b63565577986442d123,680d1b63565577986442d1d6,"Deploy XPort, Wanchain's cross-chain data transfer protocol, to Cardano",https://2025budget.intersectmbo.org/ballots/680d1b63565577986442d123/proposals/680d1b63565577986442d1d6,FALSE,88,17,19,2429248461455625,307554398271520,536510844580077,2965759306035702,0.819098,0.180902
680d1b63565577986442d123,680d1b63565577986442d1d8,A free Native Asset CDN for Cardano Developers,https://2025budget.intersectmbo.org/ballots/680d1b63565577986442d123/proposals/680d1b63565577986442d1d8,TRUE,69,20,38,1225576473475418,299969059447825,1665680684905421,2891257158380839,0.423891,0.576109
680d1b63565577986442d123,680d1b63565577986442d1da,ADAspending.com - Cardano Treasury Explorer - An open data source for tracking treasury spending on the Cardano blockchain,https://2025budget.intersectmbo.org/ballots/680d1b63565577986442d123/proposals/680d1b63565577986442d1da,FALSE,96,17,14,2517943489280018,610548711683492,72894526921218,2590838016201236,0.971864,0.028136
680d1b63565577986442d123,680d1b63565577986442d1dc,"2025 Marketing Program Management, Reporting & Measurement (ROI)",https://2025budget.intersectmbo.org/ballots/680d1b63565577986442d123/proposals/680d1b63565577986442d1dc,FALSE,100,21,6,2290879953360527,346826153746723,550317105795546,2841197059156073,0.806308,0.193692
680d1b63565577986442d123,680d1b63565577986442d1de,"2025 Market Research, Testing and Strategic Planning",https://2025budget.intersectmbo.org/ballots/680d1b63565577986442d123/proposals/680d1b63565577986442d1de,FALSE,104,18,5,2872207796876374,282620379665415,33183848113399,2905391644989773,0.988579,0.011421
680d1b63565577986442d123,680d1b63565577986442d1e0,Cardano Rising: Japan Delegation to Rare Evo for Media and Enterprise Impact,https://2025budget.intersectmbo.org/ballots/680d1b63565577986442d123/proposals/680d1b63565577986442d1e0,FALSE,103,18,3,2544900419323357,632294005930145,8017652019258,2552918071342615,0.996859,0.003141
680d1b63565577986442d123,680d1b63565577986442d1e2,Zekret,https://2025budget.intersectmbo.org/ballots/680d1b63565577986442d123/proposals/680d1b63565577986442d1e2,FALSE,109,15,4,2985658091951110,274638444211541,138538707222890,3124196799174000,0.955656,0.044344
680d1b63565577986442d123,680d1b63565577986442d1e4,Create a space for Grassroots communites and small Projects to network & support each other,https://2025budget.intersectmbo.org/ballots/680d1b63565577986442d123/proposals/680d1b63565577986442d1e4,FALSE,100,19,4,2105602720982296,1041393706490060,35956588697167,2141559309679463,0.98321,0.01679
680d1b63565577986442d123,680d1b63565577986442d1e6,Cardano Treasury Audit ,https://2025budget.intersectmbo.org/ballots/680d1b63565577986442d123/proposals/680d1b63565577986442d1e6,FALSE,91,21,13,2222534171553676,897683313337057,64433235413022,2286967406966698,0.971826,0.028174
680d1b63565577986442d123,680d1b63565577986442d1e8,Comprehensive Educational Comic: Universe of Cardano,https://2025budget.intersectmbo.org/ballots/680d1b63565577986442d123/proposals/680d1b63565577986442d1e8,FALSE,107,13,3,2531729769307088,627054985132659,24821068230634,2556550837537722,0.990291,0.009709
680d1b63565577986442d123,680d1b63565577986442d1ea,Cardano DEFI Workshop 2025: Learning Comprehensive Blockchain and DeFi in Cardano Ecosystem with MCU ,https://2025budget.intersectmbo.org/ballots/680d1b63565577986442d123/proposals/680d1b63565577986442d1ea,FALSE,102,16,4,2548645532996082,628057121323588,6433034028534,2555078567024616,0.997482,0.002518
680d1b63565577986442d123,680d1b63565577986442d1ec,A member-based organization for the Cardano ecosystem: Intersect,https://2025budget.intersectmbo.org/ballots/680d1b63565577986442d123/proposals/680d1b63565577986442d1ec,TRUE,48,22,87,703018629431086,536442235224790,2683689074760963,3386707704192049,0.207582,0.792418
680d1b63565577986442d123,680d1b63565577986442d1ee,Andamio: Cardano Threat Intelligence,https://2025budget.intersectmbo.org/ballots/680d1b63565577986442d123/proposals/680d1b63565577986442d1ee,FALSE,92,27,6,2477800817204854,851011810121765,23425970319591,2501226787524445,0.990634,0.009366
680d1b63565577986442d123,680d1b63565577986442d1f0,Cardano Community Bounties pilot Program (2025‚Äì2026),https://2025budget.intersectmbo.org/ballots/680d1b63565577986442d123/proposals/680d1b63565577986442d1f0,FALSE,100,16,10,2341864775828833,830424850318554,64898546635758,2406763322464591,0.973035,0.026965
680d1b63565577986442d123,680d1b63565577986442d1f2,Developing Hydra Hub ‚Äì Node Distribution System,https://2025budget.intersectmbo.org/ballots/680d1b63565577986442d123/proposals/680d1b63565577986442d1f2,FALSE,76,19,32,1484025892689580,1392063427802877,472546596797483,1956572489487063,0.758482,0.241518
680d1b63565577986442d123,680d1b63565577986442d1f4,"Emil Frey Group: Tokenized Vehicle Identities & Maintenance Logs - Guaranteed minimum of 40,000 vehicles up to millions",https://2025budget.intersectmbo.org/ballots/680d1b63565577986442d123/proposals/680d1b63565577986442d1f4,FALSE,103,13,11,2261332989886396,118975818281682,797628920569034,3058961910455430,0.739248,0.260752
680d1b63565577986442d123,680d1b63565577986442d1f6,Scalus - DApps Development Platform,https://2025budget.intersectmbo.org/ballots/680d1b63565577986442d123/proposals/680d1b63565577986442d1f6,TRUE,52,19,57,773819113483391,345770819195332,2155137472275261,2928956585758652,0.264196,0.735804
680d1b63565577986442d123,680d1b63565577986442d1f8,Governance Space - Whitelabel for DAOs + Institutions + Projects. All-in-One Governance Platform Enhancement and Maintenance,https://2025budget.intersectmbo.org/ballots/680d1b63565577986442d123/proposals/680d1b63565577986442d1f8,FALSE,104,19,3,2329328603975859,851294976216020,4472275583567,2333800879559426,0.998084,0.001916
680d1b63565577986442d123,680d1b63565577986442d1fa,ada.eco: Building Cardano‚Äôs Human Interface,https://2025budget.intersectmbo.org/ballots/680d1b63565577986442d123/proposals/680d1b63565577986442d1fa,FALSE,109,16,2,2889217560363755,451769177017677,13453914020206,2902671474383961,0.995365,0.004635
680d1b63565577986442d123,680d1b63565577986442d1fc,dgghh,https://2025budget.intersectmbo.org/ballots/680d1b63565577986442d123/proposals/680d1b63565577986442d1fc,FALSE,117,8,1,2483172801655294,651352704319237,8501124299,2483181302779593,0.999997,0.000003
680d1b63565577986442d123,680d1b63565577986442d1fe,Membership and Community Committee (MCC) - Global University Education Program,https://2025budget.intersectmbo.org/ballots/680d1b63565577986442d123/proposals/680d1b63565577986442d1fe,FALSE,101,11,14,2818861140400215,318229546220130,44650070516213,2863511210916428,0.984407,0.015593
680d1b63565577986442d123,680d1b63565577986442d200,Intelligent Contracts: A Cardano Layer 2 Toolkit Powered by Beneficial AI,https://2025budget.intersectmbo.org/ballots/680d1b63565577986442d123/proposals/680d1b63565577986442d200,FALSE,106,16,4,2916700339985597,291270669212096,138127533776110,3054827873761707,0.954784,0.045216
680d1b63565577986442d123,680d1b63565577986442d202,Ledger App Rewrite,https://2025budget.intersectmbo.org/ballots/680d1b63565577986442d123/proposals/680d1b63565577986442d202,TRUE,26,12,93,340016466575169,44497284349608,2829281672890799,3169298139465968,0.107284,0.892716
680d1b63565577986442d123,680d1b63565577986442d204, Cardano Product Committee: Community-driven 2030 Cardano Vision and 2026 roadmap insights collection via workshops and structured product research,https://2025budget.intersectmbo.org/ballots/680d1b63565577986442d123/proposals/680d1b63565577986442d204,TRUE,47,12,75,815244257431264,247614173124745,2382151804614706,3197396062045970,0.254971,0.745029
680d1b63565577986442d123,680d1b63565577986442d206,Tokenised Real-World Assets on Cardano,https://2025budget.intersectmbo.org/ballots/680d1b63565577986442d123/proposals/680d1b63565577986442d206,FALSE,99,15,23,1908500270042958,297040993011362,1482171572711098,3390671842754056,0.562868,0.437132
680d1b63565577986442d123,680d1b63565577986442d208,Indigenous DAO Toolkit,https://2025budget.intersectmbo.org/ballots/680d1b63565577986442d123/proposals/680d1b63565577986442d208,FALSE,113,11,3,2912691611306887,245712056355797,21261808778211,2933953420085098,0.992753,0.007247
680d1b63565577986442d123,680d1b63565577986442d20a,Daedalus 2025 Service Enhancement,https://2025budget.intersectmbo.org/ballots/680d1b63565577986442d123/proposals/680d1b63565577986442d20a,FALSE,89,21,17,1247073117962568,1094332798719932,822263822117775,2069336940080343,0.602644,0.397356
680d1b63565577986442d123,680d1b63565577986442d20c,Cardano Governance Body Bot,https://2025budget.intersectmbo.org/ballots/680d1b63565577986442d123/proposals/680d1b63565577986442d20c,FALSE,103,17,4,2465024523211634,710345695332562,9307238213436,2474331761425070,0.996238,0.003762
680d1b63565577986442d123,680d1b63565577986442d20e,Input Output Research (IOR): Cardano Vision - Work Program 2025,https://2025budget.intersectmbo.org/ballots/680d1b63565577986442d123/proposals/680d1b63565577986442d20e,TRUE,13,6,127,39722170915405,196789074961424,3462339989498533,3502062160413938,0.011343,0.988657
680d1b63565577986442d123,680d1b63565577986442d210,Cardano Francophone Corner,https://2025budget.intersectmbo.org/ballots/680d1b63565577986442d123/proposals/680d1b63565577986442d210,FALSE,107,17,2,2487458753131932,698497856244388,146498249475,2487605251381407,0.999941,0.000059
680d1b63565577986442d123,680d1b63565577986442d212,Andamio ‚Äî Powering Contributor Readiness Across Cardano Projects,https://2025budget.intersectmbo.org/ballots/680d1b63565577986442d123/proposals/680d1b63565577986442d212,FALSE,92,26,7,2526042867180949,726101248390430,21614724207534,2547657591388483,0.991516,0.008484
680d1b63565577986442d123,680d1b63565577986442d214,BloxBean Java Tools Maintenance and Enhancement,https://2025budget.intersectmbo.org/ballots/680d1b63565577986442d123/proposals/680d1b63565577986442d214,TRUE,53,28,47,622630849525211,828551269011955,1956530136382687,2579160985907898,0.241408,0.758592
680d1b63565577986442d123,680d1b63565577986442d216,"SyncGovHub: An intelligent Transparent, and Action-Oriented Platform for Cardano Governance",https://2025budget.intersectmbo.org/ballots/680d1b63565577986442d123/proposals/680d1b63565577986442d216,FALSE,101,19,7,2265270689493967,889718864654499,42605555254283,2307876244748250,0.981539,0.018461
680d1b63565577986442d123,680d1b63565577986442d218,test,https://2025budget.intersectmbo.org/ballots/680d1b63565577986442d123/proposals/680d1b63565577986442d218,FALSE,105,13,2,2306053401538718,739961210857349,197172036979,2306250573575697,0.999915,0.000085
680d1b63565577986442d123,680d1b63565577986442d21a,Cardano Privacy Layer,https://2025budget.intersectmbo.org/ballots/680d1b63565577986442d123/proposals/680d1b63565577986442d21a,FALSE,99,20,8,1965464111035188,963865223241689,251453172486077,2216917283521265,0.886575,0.113425
680d1b63565577986442d123,680d1b63565577986442d21c,Extended UPLC Converter,https://2025budget.intersectmbo.org/ballots/680d1b63565577986442d123/proposals/680d1b63565577986442d21c,FALSE,60,27,35,1132655598229994,1390210110605879,598345645963451,1731001244193445,0.654336,0.345664
680d1b63565577986442d123,680d1b63565577986442d21e,Cardano Institutional and Community Hub & Intersect Membership Hub in KSA,https://2025budget.intersectmbo.org/ballots/680d1b63565577986442d123/proposals/680d1b63565577986442d21e,FALSE,111,15,7,2241181081209217,830280180250337,309287618733948,2550468699943165,0.878733,0.121267
680d1b63565577986442d123,680d1b63565577986442d220,"FusionFi Core: Lending, Stablecoin & Multisig Infrastructure for Cardano",https://2025budget.intersectmbo.org/ballots/680d1b63565577986442d123/proposals/680d1b63565577986442d220,FALSE,98,17,11,1880304894302555,883335625611482,420338671014555,2300643565317110,0.817295,0.182705
680d1b63565577986442d123,680d1b63565577986442d222,Unveiling the First  Unified Global Events  Marketing Strategy  for Cardano,https://2025budget.intersectmbo.org/ballots/680d1b63565577986442d123/proposals/680d1b63565577986442d222,TRUE,61,14,66,548266911601011,931555283581233,2173524732745219,2721791644346230,0.201436,0.798564
680d1b63565577986442d123,680d1b63565577986442d224,Quality Assurance: On-Chain & Off-Chain Audit,https://2025budget.intersectmbo.org/ballots/680d1b63565577986442d123/proposals/680d1b63565577986442d224,FALSE,85,23,19,1985937778140608,845819387231699,356973840629332,2342911618769940,0.847637,0.152363
680d1b63565577986442d123,680d1b63565577986442d226,Real World Investment for Treasury Growth,https://2025budget.intersectmbo.org/ballots/680d1b63565577986442d123/proposals/680d1b63565577986442d226,FALSE,100,18,6,2393333543253129,593794882388204,182779342752031,2576112886005160,0.929048,0.070952
680d1b63565577986442d123,680d1b63565577986442d228,Business Lead Generation on Cardano,https://2025budget.intersectmbo.org/ballots/680d1b63565577986442d123/proposals/680d1b63565577986442d228,FALSE,106,15,4,2416551183449159,624330942782992,153404472656646,2569955656105805,0.940309,0.059691
680d1b63565577986442d123,680d1b63565577986442d22a,Cardano Japan Renaissance,https://2025budget.intersectmbo.org/ballots/680d1b63565577986442d123/proposals/680d1b63565577986442d22a,FALSE,101,16,5,2548339928968052,625240003412921,4765111607081,2553105040575133,0.998134,0.001866
680d1b63565577986442d123,680d1b63565577986442d22c,"Intersect Membership Hub in Africa and Dubai (Nigeria, Cameroon and Dubai)",https://2025budget.intersectmbo.org/ballots/680d1b63565577986442d123/proposals/680d1b63565577986442d22c,FALSE,110,18,7,2347905337037259,851624009996794,177879347574089,2525784684611348,0.929575,0.070425
680d1b63565577986442d123,680d1b63565577986442d22e,"Cardano Community Hub in Africa (Nigeria, Kenya and Cameroon)",https://2025budget.intersectmbo.org/ballots/680d1b63565577986442d123/proposals/680d1b63565577986442d22e,FALSE,99,13,19,1956738238032262,296705165064581,981392699153990,2938130937186252,0.665981,0.334019
680d1b63565577986442d123,680d1b63565577986442d230,ADA/USDA Liquidity Improvement in Africa / „Ç¢„Éï„É™„Ç´„Å´„Åä„Åë„ÇãADA/USDA ÊµÅÂãïÊÄßÂêë‰∏äË®àÁîª,https://2025budget.intersectmbo.org/ballots/680d1b63565577986442d123/proposals/680d1b63565577986442d230,FALSE,94,18,20,1893096401891625,286508461276813,1339392647903598,3232489049795223,0.585647,0.414353
680d1b63565577986442d123,680d1b63565577986442d232,Sandsphere Core SDG RWA Platform,https://2025budget.intersectmbo.org/ballots/680d1b63565577986442d123/proposals/680d1b63565577986442d232,FALSE,107,15,3,2567494847267813,602119485185286,8461847269979,2575956694537792,0.996715,0.003285
680d1b63565577986442d123,680d1b63565577986442d234,Eternl Maintenance,https://2025budget.intersectmbo.org/ballots/680d1b63565577986442d123/proposals/680d1b63565577986442d234,TRUE,46,19,73,526576028853290,730063592317443,2028881469875529,2555457498728819,0.206059,0.793941
680d1b63565577986442d123,680d1b63565577986442d236,Complete Web3 developer stack to make Cardano the smart contract layer for Bitcoin,https://2025budget.intersectmbo.org/ballots/680d1b63565577986442d123/proposals/680d1b63565577986442d236,TRUE,43,25,61,292470611572212,1117710813940250,1712557566067033,2005028177639245,0.145869,0.854131
680d1b63565577986442d123,680d1b63565577986442d238,"Japanese government local currencies. AIRA: A Decentralized Platform for Revitalizing Regions through Tokenized Points Economies. Transact, Buy, Earn, Invest, Donate.",https://2025budget.intersectmbo.org/ballots/680d1b63565577986442d123/proposals/680d1b63565577986442d238,FALSE,101,13,14,2282201044178474,59404233676073,967355225281941,3249556269460415,0.702312,0.297688
680d1b63565577986442d123,680d1b63565577986442d23a,2025 Input Output Engineering Core Development Proposal,https://2025budget.intersectmbo.org/ballots/680d1b63565577986442d123/proposals/680d1b63565577986442d23a,TRUE,11,5,141,57963958002839,193366340690398,3758326705242292,3816290663245131,0.015189,0.984811
680d1b63565577986442d123,680d1b63565577986442d23c,Autonomous Agent Testing SDK,https://2025budget.intersectmbo.org/ballots/680d1b63565577986442d123/proposals/680d1b63565577986442d23c,FALSE,99,16,7,2351651149268864,605763410057827,206156200780811,2557807350049675,0.919401,0.080599
680d1b63565577986442d123,680d1b63565577986442d23e,KuberIDE Platform Maintenance & Developer Experience Enhancement,https://2025budget.intersectmbo.org/ballots/680d1b63565577986442d123/proposals/680d1b63565577986442d23e,FALSE,84,29,9,1248306820682418,1773327610884781,82406487926725,1330713308609143,0.938073,0.061927
680d1b63565577986442d123,680d1b63565577986442d240,Cardano Test Wallet with Private Network Support,https://2025budget.intersectmbo.org/ballots/680d1b63565577986442d123/proposals/680d1b63565577986442d240,FALSE,92,24,10,1445098847651011,1719366405753680,20447590063881,1465546437714892,0.986048,0.013952
680d1b63565577986442d123,680d1b63565577986442d242,Cardano cUSD: A Next-Generation Decentralized Stablecoin Protocol,https://2025budget.intersectmbo.org/ballots/680d1b63565577986442d123/proposals/680d1b63565577986442d242,FALSE,107,17,2,2553307109276500,625463560892922,5087409842176,2558394519118676,0.998011,0.001989
680d1b63565577986442d123,680d1b63565577986442d244,Catalyst 2025 Proposal by Input Output: Advancing Decentralised Community Innovation Funding & Infrastructure,https://2025budget.intersectmbo.org/ballots/680d1b63565577986442d123/proposals/680d1b63565577986442d244,TRUE,18,7,127,144271407852761,11232052738632,3418263378720101,3562534786572862,0.040497,0.959503
680d1b63565577986442d123,680d1b63565577986442d246,UTxO Alliance Support,https://2025budget.intersectmbo.org/ballots/680d1b63565577986442d123/proposals/680d1b63565577986442d246,FALSE,78,20,26,2211083531431310,701441960765277,188006284751116,2399089816182426,0.921634,0.078366
680d1b63565577986442d123,680d1b63565577986442d248,EchoCatalyst,https://2025budget.intersectmbo.org/ballots/680d1b63565577986442d123/proposals/680d1b63565577986442d248,FALSE,98,20,11,2523730679193377,628598583679449,33026868479677,2556757547673054,0.987083,0.012917
680d1b63565577986442d123,680d1b63565577986442d24a,EchoFeed,https://2025budget.intersectmbo.org/ballots/680d1b63565577986442d123/proposals/680d1b63565577986442d24a,FALSE,90,23,15,2158084118324863,652731084010897,374903307526978,2532987425851841,0.851992,0.148008
680d1b63565577986442d123,680d1b63565577986442d24c,EchoChain,https://2025budget.intersectmbo.org/ballots/680d1b63565577986442d123/proposals/680d1b63565577986442d24c,FALSE,101,21,7,2616202017630023,636675374788321,22160639156674,2638362656786697,0.991601,0.008399
680d1b63565577986442d123,680d1b63565577986442d24e,TWEAG‚Äôs  Proposals for multiple core budget projects for Cardano  2025,https://2025budget.intersectmbo.org/ballots/680d1b63565577986442d123/proposals/680d1b63565577986442d24e,TRUE,51,23,64,602890387440572,212885610830430,2600645945888235,3203536333328807,0.188195,0.811805
680d1b63565577986442d123,680d1b63565577986442d250,urble by Brick Towers - Providing self-custodial Swiss Banking Services,https://2025budget.intersectmbo.org/ballots/680d1b63565577986442d123/proposals/680d1b63565577986442d250,FALSE,105,19,2,2524823367363462,636367268766157,20719696665910,2545543064029372,0.99186,0.00814
680d1b63565577986442d123,680d1b63565577986442d252,Project Catalyst dRep Analysis Framework,https://2025budget.intersectmbo.org/ballots/680d1b63565577986442d123/proposals/680d1b63565577986442d252,FALSE,90,16,24,1963476124251565,660712673220860,567096448872947,2530572573124512,0.775902,0.224098
680d1b63565577986442d123,680d1b63565577986442d254,Cardano Cross-Chain Interoperability Protocol Integration,https://2025budget.intersectmbo.org/ballots/680d1b63565577986442d123/proposals/680d1b63565577986442d254,FALSE,85,26,17,1518459685433354,1340993780791417,263794652170934,1782254337604288,0.851988,0.148012
680d1b63565577986442d123,680d1b63565577986442d256,AdaStat.net Cardano blockchain explorer,https://2025budget.intersectmbo.org/ballots/680d1b63565577986442d123/proposals/680d1b63565577986442d256,TRUE,25,18,98,220600820353703,1139920497963104,2049658554520871,2270259374874574,0.09717,0.90283
680d1b63565577986442d123,680d1b63565577986442d258,HandlePay (Cardano and Bitcoin),https://2025budget.intersectmbo.org/ballots/680d1b63565577986442d123/proposals/680d1b63565577986442d258,FALSE,86,24,14,1944174366884733,712492596667932,425207660766567,2369382027651300,0.820541,0.179459
680d1b63565577986442d123,680d1b63565577986442d25a,"Cardano QuestHub: Platform for Decentralized Contribution, Tokenized Earning, and On-Chain Reputation",https://2025budget.intersectmbo.org/ballots/680d1b63565577986442d123/proposals/680d1b63565577986442d25a,FALSE,101,18,5,2473438113239894,689875399851150,17360011419606,2490798124659500,0.99303,0.00697
680d1b63565577986442d123,680d1b63565577986442d25c,Cardano Ecosystem Pavilions at Exhibitions,https://2025budget.intersectmbo.org/ballots/680d1b63565577986442d123/proposals/680d1b63565577986442d25c,TRUE,71,15,53,1387473685969168,54352000756107,1885372571925029,3272846257894197,0.423935,0.576065
680d1b63565577986442d123,680d1b63565577986442d25e,Philippine Cardano Community re-onboarding project,https://2025budget.intersectmbo.org/ballots/680d1b63565577986442d123/proposals/680d1b63565577986442d25e,FALSE,95,22,10,2083585849580559,1008567511639842,93155487027274,2176741336607833,0.957204,0.042796
680d1b63565577986442d123,680d1b63565577986442d260,"Cardano Stable Index (CSI): A Diversified, On-Chain Basket of Native Stablecoins",https://2025budget.intersectmbo.org/ballots/680d1b63565577986442d123/proposals/680d1b63565577986442d260,FALSE,108,15,6,2694017865329420,429519428955376,59475226274015,2753493091603435,0.9784,0.0216
680d1b63565577986442d123,680d1b63565577986442d262,OSC Budget Proposal - Paid Open Source Model for Sustainable Development,https://2025budget.intersectmbo.org/ballots/680d1b63565577986442d123/proposals/680d1b63565577986442d262,TRUE,38,14,88,462215342238740,187467533963469,2651507670610569,3113723012849309,0.148445,0.851555
680d1b63565577986442d123,680d1b63565577986442d264,Cardano Blockchain Developer Certification in Latin America,https://2025budget.intersectmbo.org/ballots/680d1b63565577986442d123/proposals/680d1b63565577986442d264,FALSE,104,20,3,2509425052446498,654503198602440,140418829801566,2649843882248064,0.947009,0.052991
680d1b63565577986442d123,680d1b63565577986442d266,"Enhancing Efficiency, Transparency, and Community Participation in Intersect",https://2025budget.intersectmbo.org/ballots/680d1b63565577986442d123/proposals/680d1b63565577986442d266,FALSE,107,19,5,2604399276592863,612078885749043,28664775457628,2633064052050491,0.989114,0.010886
680d1b63565577986442d123,680d1b63565577986442d268,GeoSpace API,https://2025budget.intersectmbo.org/ballots/680d1b63565577986442d123/proposals/680d1b63565577986442d268,FALSE,97,20,7,2389006695383450,612305685960192,182085728529258,2571092423912708,0.92918,0.07082
680d1b63565577986442d123,680d1b64565577986442d26a,Connecting Blockchain to Policymakers and Businesses,https://2025budget.intersectmbo.org/ballots/680d1b63565577986442d123/proposals/680d1b64565577986442d26a,FALSE,105,18,2,2411373461019246,640199752202922,133431151253111,2544804612272357,0.947567,0.052433
680d1b63565577986442d123,680d1b64565577986442d26c,OpShin - Python Smart Contracts for Cardano,https://2025budget.intersectmbo.org/ballots/680d1b63565577986442d123/proposals/680d1b64565577986442d26c,TRUE,31,28,70,157791065830147,1307847210907008,1803485241309320,1961276307139467,0.080453,0.919547
680d1b63565577986442d123,680d1b64565577986442d26e,Catalyst Reboot: A DRep-Led ROI Engine for Cardano,https://2025budget.intersectmbo.org/ballots/680d1b63565577986442d123/proposals/680d1b64565577986442d26e,FALSE,99,19,8,2500274818786225,614039952392242,70934094669786,2571208913456011,0.972412,0.027588
680d1b63565577986442d123,680d1b64565577986442d270,Hydra Hexcore ‚Äì An Automated Deployment & Management Solution for Multi-Hydra Party,https://2025budget.intersectmbo.org/ballots/680d1b63565577986442d123/proposals/680d1b64565577986442d270,FALSE,72,25,33,931734201656812,1659449091793246,598652037194529,1530386238851341,0.608823,0.391177
680d1b63565577986442d123,680d1b64565577986442d272,Full Stack dApp Education ,https://2025budget.intersectmbo.org/ballots/680d1b63565577986442d123/proposals/680d1b64565577986442d272,FALSE,91,24,11,1782700018163551,1340451470559690,54987813985961,1837687832149512,0.970078,0.029922
680d1b63565577986442d123,680d1b64565577986442d274,Cardano Builders Community (CBC),https://2025budget.intersectmbo.org/ballots/680d1b63565577986442d123/proposals/680d1b64565577986442d274,FALSE,102,21,6,2371708530480076,672513618614781,141420610620367,2513129141100443,0.943727,0.056273
680d1b63565577986442d123,680d1b64565577986442d276,Midgard - Optimistic Rollups,https://2025budget.intersectmbo.org/ballots/680d1b63565577986442d123/proposals/680d1b64565577986442d276,TRUE,11,6,139,31557112705962,3347636993950,3580723722864817,3612280835570779,0.008736,0.991264
680d1b63565577986442d123,680d1b64565577986442d278,Cryptofluency: Increasing Cardano Ecosystem Liquidity through Multi-Faceted Marketing & Engagement Campaigns,https://2025budget.intersectmbo.org/ballots/680d1b63565577986442d123/proposals/680d1b64565577986442d278,FALSE,103,22,1,2346694094169538,647617258759054,190557747611745,2537251841781283,0.924896,0.075104
680d1b63565577986442d123,680d1b64565577986442d27a,Greek Cardano Embassy,https://2025budget.intersectmbo.org/ballots/680d1b63565577986442d123/proposals/680d1b64565577986442d27a,FALSE,112,18,2,2515730874491756,669460790088751,7913292917228,2523644167408984,0.996864,0.003136
680d1b63565577986442d123,680d1b64565577986442d27c,Cexplorer.io ‚Äì Developer-Focused Blockchain Explorer for Cardano,https://2025budget.intersectmbo.org/ballots/680d1b63565577986442d123/proposals/680d1b64565577986442d27c,TRUE,34,25,74,469910745687620,1531059280533574,1165325403586296,1635236149273916,0.287366,0.712634
680d1b63565577986442d123,680d1b64565577986442d27e,Gerolamo - cardano node in typescript,https://2025budget.intersectmbo.org/ballots/680d1b63565577986442d123/proposals/680d1b64565577986442d27e,TRUE,36,12,92,477620339459990,248971784762359,2665134587808802,3142754927268792,0.151975,0.848025
680d1b63565577986442d123,680d1b64565577986442d280,Lucid Evolution Maintenance,https://2025budget.intersectmbo.org/ballots/680d1b63565577986442d123/proposals/680d1b64565577986442d280,TRUE,29,18,90,152717843213394,788263254148927,2392448065228534,2545165908441928,0.060003,0.939997
680d1b63565577986442d123,680d1b64565577986442d282,OLi AI Tutor,https://2025budget.intersectmbo.org/ballots/680d1b63565577986442d123/proposals/680d1b64565577986442d282,FALSE,110,17,2,2561757757674564,618238159310044,2274843325005,2564032600999569,0.999113,0.000887
680d1b63565577986442d123,680d1b64565577986442d284,Extended Symbolic,https://2025budget.intersectmbo.org/ballots/680d1b63565577986442d123/proposals/680d1b64565577986442d284,FALSE,77,26,30,1336970320681133,1454400730101402,501934483902474,1838904804583607,0.727047,0.272953
680d1b63565577986442d123,680d1b64565577986442d286,"Web3 Festival: Music, Food & Blockchain Onboarding",https://2025budget.intersectmbo.org/ballots/680d1b63565577986442d123/proposals/680d1b64565577986442d286,FALSE,121,8,2,2596961559795405,594579914080371,99956580056,2597061516375461,0.999962,0.000038
680d1b63565577986442d123,680d1b64565577986442d288,Inkuba Blockchain Center,https://2025budget.intersectmbo.org/ballots/680d1b63565577986442d123/proposals/680d1b64565577986442d288,FALSE,105,17,3,2415568893484147,760502661688647,273395824852,2415842289308999,0.999887,0.000113
680d1b63565577986442d123,680d1b64565577986442d28a,MLabs Core Tool Maintenance & Enhancement: Plutarch,https://2025budget.intersectmbo.org/ballots/680d1b63565577986442d123/proposals/680d1b64565577986442d28a,TRUE,35,28,67,348924258159379,943964332794076,1853408951403150,2202333209562529,0.158434,0.841566
680d1b63565577986442d123,680d1b64565577986442d28c,MLabs Core Tool Maintenance & Enhancement: Cardano Transaction Library (CTL),https://2025budget.intersectmbo.org/ballots/680d1b63565577986442d123/proposals/680d1b64565577986442d28c,FALSE,48,36,42,764764364311067,1711581707439641,655044796635435,1419809160946502,0.538639,0.461361
680d1b63565577986442d123,680d1b64565577986442d28e,MLabs Maintenance & Enhancement: Atlas PAB,https://2025budget.intersectmbo.org/ballots/680d1b63565577986442d123/proposals/680d1b64565577986442d28e,FALSE,56,33,37,811357037556611,1707330443104094,540182845998696,1351539883555307,0.60032,0.39968
680d1b63565577986442d123,680d1b64565577986442d290,MLabs Core Tool Maintenance & Enhancement: CLB,https://2025budget.intersectmbo.org/ballots/680d1b63565577986442d123/proposals/680d1b64565577986442d290,FALSE,53,39,37,818488102017186,1767412634552232,558401334262163,1376889436279349,0.594447,0.405553
680d1b63565577986442d123,680d1b64565577986442d292,MLabs Core Tool Maintenance & Enhancement: Ply,https://2025budget.intersectmbo.org/ballots/680d1b63565577986442d123/proposals/680d1b64565577986442d292,FALSE,50,38,42,797261087370034,1655229547955027,686166430512329,1483427517882363,0.537445,0.462555
680d1b63565577986442d123,680d1b64565577986442d294,MLabs Core Tool Maintenance & Enhancement: Cardano.nix,https://2025budget.intersectmbo.org/ballots/680d1b63565577986442d123/proposals/680d1b64565577986442d294,TRUE,46,31,53,561723294173538,1511342223593713,1102282386567990,1664005680741528,0.337573,0.662427
680d1b63565577986442d123,680d1b64565577986442d296,Pallas: Sustaining Critical Rust Tooling for Cardano,https://2025budget.intersectmbo.org/ballots/680d1b63565577986442d123/proposals/680d1b64565577986442d296,TRUE,24,22,92,101767613819328,647107161584328,2602172127346649,2703939741165977,0.037637,0.962363
680d1b63565577986442d123,680d1b64565577986442d298,UTxO RPC: Sustaining Cardano Blockchain Integration,https://2025budget.intersectmbo.org/ballots/680d1b63565577986442d123/proposals/680d1b64565577986442d298,TRUE,28,23,88,167526672706438,594790370913431,2637704460160128,2805231132866566,0.059719,0.940281
680d1b63565577986442d123,680d1b64565577986442d29a,Dolos: Sustaining a Lightweight Cardano Data Node,https://2025budget.intersectmbo.org/ballots/680d1b63565577986442d123/proposals/680d1b64565577986442d29a,TRUE,29,17,92,257399839146208,398710806540150,2695241789929025,2952641629075233,0.087176,0.912824
680d1b63565577986442d123,680d1b64565577986442d29c,Open Hydra Education: Multilingual Access for All,https://2025budget.intersectmbo.org/ballots/680d1b63565577986442d123/proposals/680d1b64565577986442d29c,FALSE,105,16,7,2550142661993251,644163060589917,48842298982569,2598984960975820,0.981207,0.018793
680d1b63565577986442d123,680d1b64565577986442d29e,A.L.B.A. Network,https://2025budget.intersectmbo.org/ballots/680d1b63565577986442d123/proposals/680d1b64565577986442d29e,FALSE,100,20,9,2333312666604890,880962120812284,39026344568008,2372339011172898,0.983549,0.016451
680d1b63565577986442d123,680d1b64565577986442d2a0,Cardano SME Toolkit,https://2025budget.intersectmbo.org/ballots/680d1b63565577986442d123/proposals/680d1b64565577986442d2a0,FALSE,103,18,10,2433127217000916,699231280821674,248599282787930,2681726499788846,0.907299,0.092701
680d1b63565577986442d123,680d1b64565577986442d2a2,Daedalus Maintenance and Enhancement Proposal,https://2025budget.intersectmbo.org/ballots/680d1b63565577986442d123/proposals/680d1b64565577986442d2a2,FALSE,54,25,64,1414837452024877,921390113957962,1179103812188236,2593941264213113,0.545439,0.454561
680d1b63565577986442d123,680d1b64565577986442d2a4,Empowering Cardano SPOs: New Revenue Through Decentralized Storage,https://2025budget.intersectmbo.org/ballots/680d1b63565577986442d123/proposals/680d1b64565577986442d2a4,FALSE,111,12,6,3139426674124731,110069705216323,35254468228456,3174681142353187,0.988895,0.011105
680d1b63565577986442d123,680d1b64565577986442d2a6,Fractar - Latin America RWA Franchise Model,https://2025budget.intersectmbo.org/ballots/680d1b63565577986442d123/proposals/680d1b64565577986442d2a6,FALSE,120,9,2,2950217297435722,271481574764497,17034137391445,2967251434827167,0.994259,0.005741
680d1b63565577986442d123,680d1b64565577986442d2a8,Cardano Curation Short-Form Video Marketing Initiative,https://2025budget.intersectmbo.org/ballots/680d1b63565577986442d123/proposals/680d1b64565577986442d2a8,FALSE,108,12,16,2536379579492245,57290741595707,925390741722776,3461770321215021,0.732683,0.267317
680d1b63565577986442d123,680d1b64565577986442d2aa,Hardware Wallets Maintenance,https://2025budget.intersectmbo.org/ballots/680d1b63565577986442d123/proposals/680d1b64565577986442d2aa,TRUE,13,10,124,119451578644187,204161398793093,3431629862161438,3551081440805625,0.033638,0.966362
680d1b63565577986442d123,680d1b64565577986442d2ac,Starstream: next gen VM,https://2025budget.intersectmbo.org/ballots/680d1b63565577986442d123/proposals/680d1b64565577986442d2ac,TRUE,17,15,114,108556526833831,75057318820699,3470929488658996,3579486015492827,0.030327,0.969673
680d1b63565577986442d123,680d1b64565577986442d2ae,"Create an end to end fund management platform for real estate where builders, investors and verifiers can work together to innovate this industry",https://2025budget.intersectmbo.org/ballots/680d1b63565577986442d123/proposals/680d1b64565577986442d2ae,FALSE,120,11,4,3448526074149165,165906719392376,5864222975124,3454390297124289,0.998302,0.001698
